,UCL,,,,,,,,,,UNF,,,,,,,,,,Vanderbilt,,,,,,,,,,Zurich,,,,,,,,,,MEAN,STD,,,Average per center (dice),,,
Soft-Adap-Relu,,,,,,,,,,,,,,,,,,,,,,,,,,,,,,,,,,,,,,,,,,,,,UCL,UNF,Vanderbilt,Zurich
avd_class0,0.083217599452342,0.12926137229713,0.080724332255841,0.15262423003467,0.082234919519546,0.142004681008875,0.086422345583697,0.142319172952657,0.104468443071577,0.095754477281571,0.125717115725118,0.107216606747232,0.159914399707829,0.153294872460245,0.189802052116141,0.162303674750721,0.131068563091395,0.145474731076459,0.247223740433182,0.210551962390052,0.050097182960068,0.051757693136668,0.039451463191169,0.044543906531978,0.047176835725783,0.046640933646782,0.045254761318099,0.044236603153013,0.046606242502957,0.058951312578087,0.288404198822606,0.420365697352578,0.324782013479158,0.403592954616939,0.3339775319478,0.36835013521008,0.401982410752194,0.356260811379791,0.325791789541228,0.331486345596896,0.169032752885004,0.120960235073032,,,,,,
dice_class0,0.894635087096668,0.885604906583996,0.892434491475907,0.874966500943205,0.897054512989164,0.882143586507357,0.891142722825143,0.869115482586388,0.887243496624083,0.896406156950571,0.86919717306327,0.874116653174524,0.844661317071721,0.858368494634327,0.816596797069886,0.847625240456296,0.870774974345586,0.852847330380892,0.793878111608596,0.816231421572363,0.866133808212546,0.869317438742356,0.869189750859224,0.873708713488321,0.854709025151484,0.874095769111707,0.877076953052075,0.86418104226876,0.868662402554858,0.861039223811233,0.753668469716175,0.771975802431601,0.798148124322034,0.778289813200485,0.768576291201381,0.78876257185152,0.756445053374295,0.742175084198707,0.789628266635214,0.787423830137943,0.843206297307047,0.046594901974461,,Soft-Adap-Relu,0.887074694458248,0.844429751337746,0.867811412725257,0.773509330706936
lfdr_class0,0,0.05,0.05,0,0,0.066666666666667,0.05,0,0.05,0,0.038461538461539,0.051282051282051,0.173076923076923,0,0.147435897435897,0.038461538461539,0.076923076923077,0.128205128205128,0.076923076923077,0.08974358974359,0.133333333333333,0.0875,0.185833333333333,0.095833333333333,0.145833333333333,0.0875,0.058333333333333,0.15,0.083333333333333,0.083333333333333,0.494166666666667,0.596944444444445,0.438333333333333,0.586964285714286,0.555,0.425833333333333,0.453333333333333,0.844484126984127,0.615,0.569166666666667,0.194430975274725,0.225387850440602,,,,,,
ltpr_class0,1,1,1,1,1,1,1,1,1,1,1,1,1,1,1,1,1,1,1,1,1,1,1,1,1,1,1,1,1,1,1,1,1,1,1,1,1,1,1,1,1,0,,,,,,
mse_class0,0.003,0.00317,0.0031,0.0034,0.00293,0.00326,0.00312,0.00363,0.00315,0.00293,0.001484375,0.001452824519231,0.001729266826923,0.001579026442308,0.001801382211538,0.001654897836538,0.001472355769231,0.001619591346154,0.002014723557692,0.001858473557692,0.002209975262077,0.002169397470902,0.002192448830118,0.002119021513024,0.002391659950723,0.002083173167949,0.00203158008809,0.002247994870556,0.002182306095045,0.00231952075569,0.003834892491635,0.003831120929713,0.003236625230204,0.003701994405723,0.003736497336187,0.003459283471175,0.004044909580648,0.004138035695936,0.00337719398407,0.003424926556156,0.002677236868823,0.000826091486714,,,,,,
n_gt_class0,1,1,1,1,1,1,1,1,1,1,1,1,1,1,1,1,1,1,1,1,1,1,1,1,1,1,1,1,1,1,1,1,1,1,1,1,1,1,1,1,1,0,,,,,,
n_pred_class0,1.1,1.2,1.2,1,1,1.3,1.1,1,1.1,1,1.23076923076923,1.23076923076923,1.84615384615385,1.15384615384615,1.92307692307692,1.38461538461538,1.38461538461538,1.46153846153846,2,1.69230769230769,1.3,1.3,1.6,1.35,1.5,1.25,1.15,1.5,1.2,1.3,3.1,4.05,2.5,3.7,3.1,2.4,2.85,7.6,3.4,2.7,1.87894230769231,1.2363854195617,,,,,,
precision_class0,0.936957593368536,0.955735140453241,0.928612205732646,0.956898779298811,0.93879650888791,0.955072297168394,0.925735368753396,0.946582683578861,0.943940992402906,0.94301274888847,0.932094226738576,0.924482031884162,0.927121238776003,0.93863112736378,0.929048313923411,0.935234068349292,0.93485817563954,0.933190391178124,0.945982692859822,0.94120709664061,0.879937165802794,0.875358528416319,0.869523454714898,0.873614008728617,0.869288656705129,0.886751183656335,0.89052422124701,0.874717060818901,0.87526430637243,0.865542599461979,0.680543602803392,0.664429418392687,0.708098374351268,0.67205427474888,0.67941824760279,0.690272671441362,0.655834923619203,0.656163461080947,0.700194420890758,0.696910428419021,0.85844086727903,0.107925549018642,,,,,,
recall_class0,0.861378644179108,0.831747074858762,0.863846297872123,0.81178075541733,0.863728533998592,0.825263626644931,0.864433611608758,0.809691366977318,0.84401114916632,0.861020135251346,0.82128579510283,0.834802579750257,0.785473670533621,0.79871864884404,0.762708783276589,0.788267329130654,0.820147613264693,0.795957496563379,0.713253446864601,0.745955011646192,0.854179440774669,0.865078118077438,0.869852026891183,0.874944016032946,0.841998935902397,0.863038587397855,0.865024298049542,0.854994063382887,0.863607931369668,0.859025436782663,0.853619419347759,0.929003967300881,0.921314644345131,0.931227666714348,0.891024159753646,0.927442055592734,0.902800047324148,0.866203922365263,0.911893599333694,0.91161217702302,0.849033902117833,0.049560443791576,,,,,,
rvd_class0,0.079321495556238,0.127832800868559,0.068081569613078,0.15262423003467,0.079454996739623,0.134861823866018,0.064564473725825,0.142319172952657,0.104468443071577,0.08447575600285,0.118695948972408,0.096065341904692,0.15309973785961,0.147925744943467,0.178354526969445,0.156315032520468,0.122808366911735,0.145474731076459,0.247223740433182,0.205802349586747,0.028885811334982,0.011419914188501,-0.000647190317631,-0.002142288307755,0.030850390421403,0.026284719651493,0.028499874715535,0.022935472719663,0.013082568129664,0.006481584928602,-0.261078899914848,-0.409959538605565,-0.309332053298642,-0.395204316443326,-0.319987619550667,-0.353245277232909,-0.389824194665122,-0.33103831321134,-0.310182551420707,-0.316912414086411,-0.015533600933894,0.199365858901264,,,,,,
specificity_class0,0.999701837699408,0.999799002816969,0.999658288514545,0.999822449701123,0.999715243199928,0.99980235570528,0.9996448948012,0.999762158069761,0.999742044541838,0.999728651836752,0.999966255454562,0.999961063017894,0.999965300259867,0.999969911139854,0.999966980449715,0.999968761582641,0.999967816203902,0.999966969138539,0.999977637300102,0.999972938393305,0.999926900162943,0.99992316072406,0.999917847848963,0.999920502624749,0.999919929117912,0.999930654134901,0.999933244214496,0.999923393242353,0.999922939001781,0.999915999022715,0.999897140057253,0.99987882171078,0.999902284251601,0.999883026192662,0.999891801113977,0.999892710496285,0.999877484830922,0.999882750552898,0.999899582766476,0.9998979493467,0.99987996703104,9.2581062574261E-05,,,,,,
vol_gt_class0,190.874988460541,190.874988460541,190.874988460541,190.874988460541,190.874988460541,190.874988460541,190.874988460541,190.874988460541,190.874988460541,190.874988460541,1248.46161756149,1248.46161756149,1248.46161756149,1248.46161756149,1248.46161756149,1248.46161756149,1248.46161756149,1248.46161756149,1248.46161756149,1248.46161756149,1024.24663813561,1024.24663813561,1024.24663813561,1024.24663813561,1024.24663813561,1024.24663813561,1024.24663813561,1024.24663813561,1024.24663813561,1024.24663813561,552.74218788743,552.74218788743,552.74218788743,552.74218788743,552.74218788743,552.74218788743,552.74218788743,552.74218788743,552.74218788743,552.74218788743,754.081358011268,416.068286969965,,,,,,
vol_pred_class0,175.624991476536,166.249992597103,177.624991464615,161.624991703033,175.499992072582,164.874992597103,178.37499140501,163.24999409914,170.749991965294,174.499992096424,1113.75007227751,1142.30776351232,1069.61545377511,1080.57699201657,1054.90391616638,1070.91353091827,1107.11545790159,1084.61545163852,962.307758257939,1015.96160535629,994.09012388736,1010.69610994756,1023.96208643913,1024.9727261439,992.245476101339,997.026507633924,994.393563885987,999.704514805973,1009.99322418571,1016.31901675612,697.218750317395,777.64843679592,722.109374437481,769.359374407679,728.554686831683,746.13281178847,766.726561855525,736.281250675768,722.929686816782,726.164061951637,746.674281724067,360.504903494257,,,,,,
,,,,,,,,,,,,,,,,,,,,,,,,,,,,,,,,,,,,,,,,,,,,,,,,
Hard-Dice-Sig,,,,,,,,,,,,,,,,,,,,,,,,,,,,,,,,,,,,,,,,,,,,,,,,
avd_class0,0.083530569224201,0.089313983863592,0.070895754266133,0.098614206014493,0.086299951715579,0.080327928858555,0.079973454587184,0.14709271952435,0.099094583252292,0.073665267515395,0.190847592522789,0.193720441436445,0.260892486073667,0.128712930099091,0.252967708902244,0.248368423425554,0.273514373559167,0.140354255989237,0.34304441695949,0.239079982610448,0.053371802864621,0.085188593301168,0.068331487123569,0.05406964836317,0.052345090012611,0.044652133728861,0.049431718414931,0.050786816509372,0.050242781366738,0.058458626506515,0.365665359889008,0.340315796284753,0.329920748230766,0.374643066569855,0.307134347681979,0.31877464511837,0.322466780865849,0.379537944760596,0.314583631053433,0.25326586356452,0.176337447815265,0.11722376666386,,,,,,
dice_class0,0.879307207642158,0.882328335348482,0.889751050991432,0.879301728892425,0.881348405806902,0.882877001904473,0.889139843940125,0.861601539941972,0.87417478044144,0.885679528977859,0.823229014547647,0.814113506439466,0.749748712078565,0.841298803018174,0.780497160574072,0.768695515393797,0.728627575206913,0.832790482532199,0.673382470702091,0.763547879039499,0.847861967281167,0.846150840489849,0.844809972497245,0.84637137527647,0.845433715829866,0.859217474425661,0.845303053261666,0.826388076845758,0.855366808338468,0.843505576861599,0.776674841690366,0.784732210916293,0.798372158183599,0.788000991164475,0.804667249741202,0.803548472156245,0.798031099613392,0.74991774626806,0.790405227644007,0.801104227026747,0.823432590723296,0.050331733129639,,Hard-Dice-Sig,0.880550942388727,0.777593111953242,0.846040886110775,0.789545422440439
lfdr_class0,0,0.05,0.05,0,0,0.066666666666667,0.05,0,0,0.066666666666667,0.115384615384615,0.038461538461539,0.128205128205128,0.08974358974359,0.228205128205128,0.166666666666667,0.08974358974359,0.038461538461539,0.307692307692308,0.128205128205128,0.302083333333333,0.325,0.362440476190476,0.1625,0.179166666666667,0.0875,0.208333333333333,0.458134920634921,0.202777777777778,0.269166666666667,0.695992063492064,0.742321428571429,0.632857142857143,0.728630952380952,0.537440476190476,0.660376984126984,0.586746031746032,0.81343253968254,0.62327380952381,0.620833333333333,0.270327762515263,0.256505034663491,,,,,,
ltpr_class0,1,1,1,1,1,1,1,1,1,1,1,1,1,1,1,1,1,1,0.923076923076923,1,1,1,1,1,1,1,1,1,1,1,1,1,1,1,1,1,1,1,1,1,0.998076923076923,0.012162606385263,,,,,,
mse_class0,0.00344,0.00332,0.00318,0.0034,0.00338,0.00334,0.00316,0.00381,0.00354,0.00331,0.001845703125,0.001940354567308,0.002511268028846,0.001760817307692,0.0021875,0.002271634615385,0.002602914663462,0.001881009615385,0.00298828125,0.002273137019231,0.002506390785684,0.002652957059899,0.002645210888921,0.00254260798863,0.002566713294204,0.002370700758331,0.002602806558414,0.00290577464201,0.002446214325574,0.002586638937191,0.003662368700399,0.003502160686846,0.003264597875164,0.00349414401371,0.003118940600001,0.00314810352996,0.003243483265319,0.004101140390574,0.003352819753065,0.003095463855624,0.002898796452546,0.000580460123689,,,,,,
n_gt_class0,1,1,1,1,1,1,1,1,1,1,1,1,1,1,1,1,1,1,1,1,1,1,1,1,1,1,1,1,1,1,1,1,1,1,1,1,1,1,1,1,1,0,,,,,,
n_pred_class0,1,1.2,1.2,1,1.1,1.3,1.2,1.1,1,1.2,1.69230769230769,1.53846153846154,2.76923076923077,1.61538461538462,2.61538461538462,2.07692307692308,2.53846153846154,1.53846153846154,2.76923076923077,2.46153846153846,2.25,2.15,2.6,1.55,1.85,1.3,1.8,3,1.95,2.1,4.2,4.65,3.6,4.25,3.15,4.5,3.5,6.4,3.7,3.65,2.37663461538462,1.25297594089675,,,,,,
precision_class0,0.917437320045235,0.928000808129506,0.911829532200641,0.92648508324663,0.917345491578623,0.917802001432054,0.92266115150992,0.939664264317,0.921009597377136,0.90912283354048,0.932467887577996,0.925752047899038,0.899399263614146,0.884326308009998,0.938222314068236,0.926157192572712,0.893434244573891,0.888520714725395,0.9100453468087,0.912783131942875,0.862068452507521,0.82000042748886,0.832726554815012,0.855130620918131,0.849287708067752,0.854363258550528,0.840363257469103,0.82526968398099,0.845684781081414,0.854431679840218,0.679474016487227,0.690227567111086,0.704199171838833,0.686342290849803,0.716746871829979,0.713448837231719,0.707086942954392,0.652588808581792,0.702318563751973,0.726603345268351,0.843520734394873,0.091691922308017,,,,,,
recall_class0,0.849537180680543,0.846830989382584,0.875127303694349,0.84423077218144,0.8544070772103,0.856328610757151,0.864228394242521,0.801341560736109,0.839166482715429,0.870214754686667,0.75698781741898,0.749383758964116,0.683699562716935,0.826080450736547,0.699651950030392,0.693856908768216,0.663571068963734,0.803860291173231,0.59499907638157,0.704176419942792,0.835468261657243,0.876130669789301,0.859411135809537,0.839945116343879,0.84387499300899,0.865348563305516,0.85201919982509,0.829340186406035,0.866782990897365,0.834833314830486,0.913700039047547,0.914985591407684,0.926894378938909,0.931449472206579,0.922749623551626,0.925835963152178,0.921742331114465,0.89031612316723,0.909508972114637,0.897577325515316,0.833389867086831,0.081130650570454,,,,,,
rvd_class0,0.073920179613812,0.087885412435021,0.039680303050682,0.087511974912262,0.068171413587041,0.066804785335411,0.063070357684087,0.14709271952435,0.087695981853691,0.040684554534682,0.185684969910502,0.187112284492718,0.235777290068832,0.061494442247965,0.251728679475295,0.248368423425554,0.258210128061428,0.088420533539436,0.335987253939025,0.223009986276631,0.030391592481216,-0.069050278235187,-0.033905989935973,0.017660093745291,0.006271712795531,-0.013101564073619,-0.01377468727315,-0.005297844073749,-0.025201913069999,0.022249940550042,-0.356002498195353,-0.334953438971241,-0.323098343133872,-0.366227882072908,-0.295002677918241,-0.30587313197794,-0.31089258389213,-0.374069402153747,-0.301655571589668,-0.24118728644745,-0.011360251986843,0.202854663183678,,,,,,
specificity_class0,0.999614732036465,0.9996716859324,0.999571180047406,0.99965829311587,0.999611387340114,0.999614740568038,0.999634836692455,0.99974204656694,0.999634847578333,0.999554444332042,0.999967738845224,0.999964082340672,0.999954084596465,0.999936231086802,0.99997251454291,0.999967221378147,0.999955709986232,0.999938846041317,0.999960753926175,0.999958893881508,0.999916080500055,0.999879350816788,0.999890796079979,0.999910911403603,0.999906122290097,0.999907354601591,0.999898376915966,0.999889965805962,0.999900725561477,0.999910493540084,0.999888612554211,0.999894047836924,0.99989981297153,0.999890415363713,0.999906187695959,0.999904331757006,0.999901895082354,0.999878152943357,0.999901064346728,0.999913201669712,0.999846804264315,0.000131378376894,,,,,,
vol_gt_class0,190.874988460541,190.874988460541,190.874988460541,190.874988460541,190.874988460541,190.874988460541,190.874988460541,190.874988460541,190.874988460541,190.874988460541,1248.46161756149,1248.46161756149,1248.46161756149,1248.46161756149,1248.46161756149,1248.46161756149,1248.46161756149,1248.46161756149,1248.46161756149,1248.46161756149,1024.24663813561,1024.24663813561,1024.24663813561,1024.24663813561,1024.24663813561,1024.24663813561,1024.24663813561,1024.24663813561,1024.24663813561,1024.24663813561,552.74218788743,552.74218788743,552.74218788743,552.74218788743,552.74218788743,552.74218788743,552.74218788743,552.74218788743,552.74218788743,552.74218788743,754.081358011268,416.068286969965,,,,,,
vol_pred_class0,176.624992120266,173.87499114275,183.124990522861,173.874991035461,177.624990808964,177.874991357327,178.624989378452,162.499992716312,173.874991559982,182.749991607666,1039.18275874395,1038.89429681118,970.528915001796,1195.0962327627,950.769299296232,958.269294436161,947.163526195746,1158.46161458125,850.384669670692,997.788528378193,992.176718772948,1093.62232328057,1060.42050097287,1004.63081784099,1017.08268087804,1037.13704305738,1038.13854104131,1028.38267908692,1048.80995354056,1000.39041235298,748.320311996341,737.062499657273,730.585937148333,753.640624493361,714.382812024653,720.117187071592,723.03124955371,759.28125013411,718.328124471009,685.617187256366,736.961197568982,353.553428547804,,,,,,
,,,,,,,,,,,,,,,,,,,,,,,,,,,,,,,,,,,,,,,,,,,,,,,,
Hard-Adap-Relu,,,,,,,,,,,,,,,,,,,,,,,,,,,,,,,,,,,,,,,,,,,,,,,,
avd_class0,0.087730537236773,0.109236395627633,0.105271063457025,0.122852821617859,0.10270395466908,0.113253843846052,0.069710816250382,0.124116513073582,0.10882275658967,0.108852346820121,0.159709403670358,0.120189839906307,0.220343762442826,0.145210582828768,0.241343359739986,0.164535163011754,0.228317618429581,0.174354166475969,0.2082304298268,0.209335061669018,0.063390698705904,0.048525844438156,0.038841591614685,0.05192267258128,0.051614630923969,0.047679508087033,0.04759621983639,0.055613847124225,0.043430709539767,0.061469252561343,0.353363255781876,0.403193931209461,0.338941523435534,0.451225793186694,0.38655457458595,0.383196483677694,0.477445234537061,0.328735930428927,0.428476817359076,0.443716870450702,0.185726395681382,0.138044774953062,,,,,,
dice_class0,0.886010358565984,0.891794966893978,0.89186894065661,0.885367536830878,0.890380382512393,0.890346087776581,0.898719171984203,0.868713123121285,0.887299195255136,0.891183673862596,0.853053557115653,0.866613923339716,0.795706698711655,0.849384310532646,0.786118643162757,0.850018785871748,0.785434469065031,0.835250617392395,0.803181417650805,0.807857628730966,0.860124598079303,0.867922396622128,0.868352894784541,0.866600989146675,0.86831971005288,0.874149369331111,0.869205436156339,0.859712031892712,0.870459253598102,0.859490382864962,0.781383078318941,0.773027838332005,0.786893652795004,0.769210020272517,0.770669133280927,0.768804556904632,0.75677053600927,0.757100297057775,0.758139421899311,0.769975402576081,0.836765362225206,0.048805961566586,,Hard-Adap-Relu,0.888168343745964,0.823262005157337,0.866433706252875,0.769197393744646
lfdr_class0,0,0,0.1,0,0.05,0.05,0.05,0,0.05,0,0.102564102564103,0,0.115384615384615,0.076923076923077,0.038461538461539,0,0.112820512820513,0.115384615384615,0.115384615384615,0.051282051282051,0.145833333333333,0.125,0.148333333333333,0.0875,0.123333333333333,0.0875,0.083333333333333,0.083333333333333,0.14,0.058333333333333,0.471666666666667,0.423333333333333,0.46,0.639801587301587,0.548333333333333,0.669345238095238,0.630436507936508,0.735992063492063,0.726130952380952,0.717916666666667,0.203341536935287,0.243833608056537,,,,,,
ltpr_class0,1,1,1,1,1,1,1,1,1,1,1,1,1,1,1,1,1,1,1,1,1,1,1,1,1,1,1,1,1,1,1,1,1,1,1,1,1,1,1,1,1,0,,,,,,
mse_class0,0.00325,0.00303,0.00304,0.00316,0.0031,0.00306,0.00292,0.00367,0.00313,0.00309,0.001581280048077,0.001524188701923,0.0021484375,0.001591045673077,0.002099609375,0.001657902644231,0.002093599759615,0.001720252403846,0.001919320913462,0.001888521634615,0.002282309395926,0.00218254291768,0.00218873565051,0.002223059829401,0.002161115529586,0.002107546592245,0.002170513075225,0.00229127471301,0.002159820556641,0.002295247603436,0.003556831166105,0.003782695509124,0.003449381713842,0.003929331792192,0.00379238091005,0.003813243433279,0.00418668849926,0.003894702588671,0.004075606188313,0.003908365095311,0.002753138785341,0.000821645909236,,,,,,
n_gt_class0,1,1,1,1,1,1,1,1,1,1,1,1,1,1,1,1,1,1,1,1,1,1,1,1,1,1,1,1,1,1,1,1,1,1,1,1,1,1,1,1,1,0,,,,,,
n_pred_class0,1,1.1,1.2,1,1.2,1.1,1.1,1,1.1,1,1.46153846153846,1.23076923076923,2.07692307692308,1.46153846153846,1.92307692307692,1.38461538461538,2.30769230769231,1.46153846153846,1.76923076923077,1.53846153846154,1.45,1.25,1.45,1.3,1.4,1.3,1.25,1.2,1.4,1.15,2.35,2.4,2.65,3.75,2.95,4.55,4.25,4.75,4.3,4.65,1.92913461538462,1.14840627183057,,,,,,
precision_class0,0.931135499264609,0.945669097426317,0.946235903158478,0.952403320712318,0.940475108426859,0.950660094080408,0.923961815897493,0.933024890144917,0.945304121123739,0.941918781289269,0.938521010573539,0.925740601335719,0.916797511591657,0.926294055641881,0.936519959674072,0.937796945305484,0.928845341971384,0.934678918664991,0.931896319055435,0.936212323780718,0.884680861294115,0.881274750109107,0.876027284382008,0.872680080669092,0.888462306778324,0.876146475957678,0.878423236261451,0.881825682145933,0.877409237425588,0.882953460522681,0.685092762512522,0.667923592559645,0.693906819561346,0.656012706552852,0.669959655333606,0.669746610061137,0.637773240759096,0.670686379036976,0.651064329178633,0.656309312077361,0.854561260057461,0.113246676979878,,,,,,
recall_class0,0.850623819956344,0.849810704248294,0.847957562814091,0.834297805803269,0.850023269011902,0.843194373026511,0.879922202981578,0.817024456401236,0.842330706353772,0.851868583950473,0.795006462609893,0.821147683805875,0.727538986028583,0.801131460060108,0.710422552222354,0.786389189913488,0.716159350012907,0.773205343379552,0.74079589938246,0.740611083881041,0.838717565962638,0.85636056128057,0.861750568961427,0.862383058382559,0.850143788758206,0.873728513321869,0.861544791685639,0.8399644454774,0.864720495874609,0.838736200903686,0.914989989411453,0.92417866684928,0.915683846880909,0.937918097982522,0.914014978344595,0.910162485286736,0.936407285539318,0.87757204535905,0.915391017882582,0.938054057405209,0.84529709893485,0.061032380563381,,,,,,
rvd_class0,0.08487339437963,0.100664967056204,0.103842492028454,0.122852821617859,0.095561097526223,0.111825272417481,0.047419593959159,0.124116513073582,0.10882275658967,0.092558910526685,0.151610834695358,0.112136148631139,0.205619490355743,0.135091842508686,0.240310835217529,0.160405064921924,0.228317618429581,0.171050088004105,0.204306836641461,0.208715546955544,0.05121198992962,0.027810378186106,0.016129420767482,0.011109948846022,0.042706668184165,0.00231359358125,0.019058826167636,0.047591222519359,0.013889561755054,0.049824505363187,-0.34269163380152,-0.393318698929132,-0.328615003658523,-0.442279682223062,-0.374237080558873,-0.36976404407058,-0.476834669100374,-0.317754059025138,-0.417566278468713,-0.439496005040561,-0.020270222851015,0.226003269452811,,,,,,
specificity_class0,0.999675033549253,0.99975209479278,0.999758795861513,0.999785595518313,0.999728650381986,0.999775549198699,0.999634835569772,0.999705193958526,0.999755445103459,0.999721945273513,0.99996994284687,0.9999623314155,0.999962279914091,0.999964021694326,0.999972256436042,0.999970124888413,0.999968631173719,0.999968482513836,0.999968756717676,0.999971489275812,0.999930985912401,0.99992740054848,0.999923340838452,0.999920964701178,0.999932695504881,0.999922391583929,0.999925323597573,0.999929357230969,0.999923850638705,0.999930137797553,0.999892206434531,0.999881732546731,0.999895782892646,0.999873074046569,0.999884055385225,0.999884163604003,0.99986399481284,0.999889021749396,0.999873321235431,0.999873740308309,0.999876224936348,9.42515028126913E-05,,,,,,
vol_gt_class0,190.874988460541,190.874988460541,190.874988460541,190.874988460541,190.874988460541,190.874988460541,190.874988460541,190.874988460541,190.874988460541,190.874988460541,1248.46161756149,1248.46161756149,1248.46161756149,1248.46161756149,1248.46161756149,1248.46161756149,1248.46161756149,1248.46161756149,1248.46161756149,1248.46161756149,1024.24663813561,1024.24663813561,1024.24663813561,1024.24663813561,1024.24663813561,1024.24663813561,1024.24663813561,1024.24663813561,1024.24663813561,1024.24663813561,552.74218788743,552.74218788743,552.74218788743,552.74218788743,552.74218788743,552.74218788743,552.74218788743,552.74218788743,552.74218788743,552.74218788743,754.081358011268,416.068286969965,,,,,,
vol_pred_class0,174.499991774559,171.49999178648,170.874991893768,167.374991929531,172.374991846085,169.374991881847,181.624991297722,166.999992322922,169.999992060661,172.999992632866,1080.72122362027,1123.125068527,1002.69238373866,1105.67314511996,973.125062456498,1065.72122075008,988.701991851513,1058.65391457998,1020.43275990853,1014.8077569283,972.404874742031,995.459728567302,1006.7165402323,1012.01092749983,980.354960557819,1021.86252705157,1003.72566016167,974.513889656961,1010.07364988774,972.446026188135,740.718749355525,768.679686903954,733.406249859184,794.843749337643,757.906249219179,755.593749489635,813.843749138713,728.132812656462,782.304686760902,793.609374397993,744.247182214295,352.274751825653,,,,,,
,,,,,,,,,,,,,,,,,,,,,,,,,,,,,,,,,,,,,,,,,,,,,,,,
Soft-Adap-Sig,,,,,,,,,,,,,,,,,,,,,,,,,,,,,,,,,,,,,,,,,,,,,,,,
avd_class0,0.149382221548759,0.11443570690475,0.678751555633908,0.491404110603316,0.115760041268043,1,0.121350174206592,0.246976570275213,0.065296577237975,0.648887891896942,0.431420645312507,0.111760968836115,1,0.307467422342733,0.125625749679343,1,0.081777104868374,1,1,0.196839021425087,0.893966432187179,1,0.993462010294865,0.3246584213509,1,1,1,1,1,1,0.212650885614597,0.231971466484334,0.293005897088248,0.361668303046803,0.326051010775593,0.262739343573849,0.344849575019951,0.30675982749216,0.380336071231013,0.36401104897753,0.529581651379417,0.367279971154682,,,,,,
dice_class0,0.814626073867486,0.863856814983864,0.316956087530492,0.575722109569823,0.845414260302003,0,0.862824684783879,0.75294520946519,0.820950387052946,0.357804360233203,0.621413689451267,0.838917355785354,0,0.605323250226885,0.833804913712187,0,0.851384051632089,0,0,0.779483317764363,0.09235862219035,0,0.000297354941526,0.44612687862701,0,0,0,0,0,0,0.747715715819263,0.777957239722971,0.773258616440957,0.768391388408953,0.738125973165874,0.786559981174229,0.774383283167661,0.718316643840005,0.756432094271067,0.770051739271594,0.472285052435062,0.366421479313125,,,,,,
lfdr_class0,0.183333333333333,0.05,0.291666666666667,0.291666666666667,0.1,,0,0.183333333333333,0.175,0.333333333333333,0.782051282051282,0,,0.076923076923077,0.128205128205128,,0.166666666666667,,,0.567948717948718,0,,0.96978021978022,0,,,,,,,0.753210678210678,0.712936507936508,0.799422799422799,0.750079365079365,0.761863275613276,0.66843253968254,0.700843253968254,0.870871212121212,0.749006132756133,0.764190809190809,0.422527321388929,0.334258991399838,,,,,,
ltpr_class0,1,1,0.8,1,1,0,1,1,1,0.8,1,1,0,1,1,0,1,0,0,1,0.75,0,0.1,1,0,0,0,0,0,0,1,1,1,1,1,1,1,1,1,1,0.66125,0.463056664306837,,,,,,
mse_class0,0.00514,0.00379,0.01295,0.00936,0.00435,0.01527,0.00381,0.0065,0.00527,0.01247,0.005413912259615,0.001962139423077,0.006502403846154,0.004246544471154,0.001926081730769,0.006502403846154,0.001888521634615,0.006502403846154,0.006502403846154,0.002998798076923,0.008326760116889,0.008352247121383,0.008404224162199,0.007764347777075,0.008352247121383,0.008352247121383,0.008352247121383,0.008352247121383,0.008352247121383,0.008352247121383,0.003826954525173,0.003408893313941,0.003599344812172,0.00379774733674,0.004227331553796,0.003329466814932,0.003662503623177,0.004409944888203,0.004027588344627,0.003773359722927,0.006109495245557,0.003064578394301,,,,,,
n_gt_class0,1,1,1,1,1,1,1,1,1,1,1,1,1,1,1,1,1,1,1,1,1,1,1,1,1,1,1,1,1,1,1,1,1,1,1,1,1,1,1,1,1,0,,,,,,
n_pred_class0,1.7,1.2,1.4,2.8,1.4,0,1.2,1.9,1.7,1.6,6.38461538461539,1.23076923076923,0,1.38461538461538,1.92307692307692,0,1.46153846153846,0,0,3,1.2,0,3.95,1.8,0,0,0,0,0,0,5.85,5.25,6.7,5,6.3,4.7,5.8,9.35,5.9,6.7,2.46961538461538,2.56284887497096,,,,,,
precision_class0,0.891116090616557,0.919361134721506,0.846247579601205,0.890520518871063,0.897657676991145,,0.921947151775251,0.885791212520134,0.84101195251566,0.804046701372974,0.605070359735529,0.845248002641976,,0.747591036374162,0.875551918259793,,0.84947543744889,,,0.731075272393422,0.52782064889632,,0.022385022385022,0.552050267896287,,,,,,,0.692117710919451,0.712034710163951,0.694129134662021,0.672282832320273,0.654529537284592,0.71205722538552,0.680614616455832,0.647912766349613,0.658774275724247,0.675644293027224,0.730502324546772,0.180086338748157,,,,,,
recall_class0,0.755965870922277,0.824624328484499,0.236608345902464,0.44798409315041,0.806298758580515,0,0.818207079929738,0.663976071612205,0.806330035530455,0.267155782879765,0.713690763954216,0.8439256069907,0,0.515689173330235,0.813124067863111,0,0.85789678652165,0,0,0.842321920183195,0.054412024332283,0,0.000150237897572,0.390430377746566,0,0,0,0,0,0,0.820265977646746,0.862458990115889,0.881053834076666,0.90347157421851,0.853325184057876,0.884064886081475,0.904372397309639,0.818554376362653,0.895606777494784,0.903828128377615,0.484644836288843,0.391261753181717,,,,,,
rvd_class0,0.149382221548759,0.100502972972016,0.678751555633908,0.491404110603316,0.100338795846797,1,0.111350174206592,0.246976570275213,0.038686340627738,0.648887891896942,-0.287958695214675,-0.001909032073929,1,0.307467422342733,0.065949221540617,1,-0.013145757696257,1,1,-0.156104342392536,0.893966432187179,1,0.993462010294865,0.289225875292737,1,1,1,1,1,1,-0.192914194873302,-0.217078979093838,-0.28124587585119,-0.354898990596578,-0.315804129968585,-0.248006134123358,-0.336752946403015,-0.274470774349364,-0.371655423500724,-0.3511095358371,0.342832419582374,0.543402614476227,,,,,,
specificity_class0,0.999527649161926,0.999624789803131,0.999577901999932,0.999701870131612,0.999530981953436,1,0.999648247353223,0.999554443211256,0.999219411465774,0.99958461742516,0.999668898609614,0.99991032888222,1,0.999898831022664,0.999931475959034,1,0.999912292322289,1,1,0.999821288349514,0.999967103583224,1,0.99999619396521,0.999797173429934,1,1,1,1,1,1,0.999905921526479,0.999910480733234,0.99989894247752,0.999886194539739,0.999883200356729,0.999908098651702,0.999890818980821,0.999884867957669,0.999879793831244,0.999887138913512,0.999845223914945,0.000184373913331,,,,,,
vol_gt_class0,190.874988460541,190.874988460541,190.874988460541,190.874988460541,190.874988460541,190.874988460541,190.874988460541,190.874988460541,190.874988460541,190.874988460541,1248.46161756149,1248.46161756149,1248.46161756149,1248.46161756149,1248.46161756149,1248.46161756149,1248.46161756149,1248.46161756149,1248.46161756149,1248.46161756149,1024.24663813561,1024.24663813561,1024.24663813561,1024.24663813561,1024.24663813561,1024.24663813561,1024.24663813561,1024.24663813561,1024.24663813561,1024.24663813561,552.74218788743,552.74218788743,552.74218788743,552.74218788743,552.74218788743,552.74218788743,552.74218788743,552.74218788743,552.74218788743,552.74218788743,754.081358011268,416.068286969965,,,,,,
vol_pred_class0,161.874993622303,171.499990713596,60.4999976992607,96.1249976396561,171.499991834164,0,169.499991583824,142.874995064735,183.249991703033,65.999998664856,1611.77892940778,1268.36546211976,0,881.971205867254,1185.28853929043,0,1274.42315709591,0,0,1459.61547206915,108.69763135612,0,6.97959215641022,716.739760558307,0,0,0,0,0,0,659.671874669194,672.757812409103,708.10156249553,748.195312155038,727.156249696016,689.468749730289,738.218749926239,705.367188501358,757.710936999321,746.101562054455,422.243367427078,476.348462102179,,,,,,
,,,,,,,,,,,,,,,,,,,,,,,,,,,,,,,,,,,,,,,,,,,,,,,,
Soft-Dice-ReLU,,,,,,,,,,,,,,,,,,,,,,,,,,,,,,,,,,,,,,,,,,,,,,,,
avd_class0,0.069435286856322,0.087150304710729,0.091098294222563,0.11251225210446,0.105813028442429,0.089331492071146,0.089777566043983,0.156998431342433,0.095681469193002,0.08137890041532,0.193926443575768,0.230018583558668,0.280636940624984,0.091658302171732,0.32779883099932,0.165447322364501,0.237082054248617,0.128673611816188,0.180837259738482,0.22735756488749,0.055528080053344,0.046106506624565,0.041882194603624,0.051670345373343,0.037962244513081,0.039369922444377,0.036290735900561,0.038277262106994,0.04199899715648,0.044995358350833,0.43817268704038,0.39492275744858,0.326837992572688,0.338437238842364,0.345039329214961,0.343978139802806,0.392050460417473,0.379548535019131,0.325092973661276,0.298522737311009,0.17648246094615,0.128432777002479,,,,,,
dice_class0,0.891624277243288,0.890132539164961,0.890110629871844,0.888352789025551,0.885560331202441,0.897155255781986,0.894295492318446,0.86560339112204,0.886112937539303,0.899363652284497,0.81709736157428,0.789574835805163,0.763189434555393,0.874230432665492,0.700929094357317,0.847519894490655,0.788887673358202,0.848551373599229,0.809934896356921,0.800192382712081,0.861583391673138,0.868638555148583,0.864656434489064,0.864129296838817,0.87184322570738,0.873717185927015,0.868100970519219,0.864668020336178,0.866761248401164,0.860706382014204,0.769257742292981,0.785544148900648,0.802069501563599,0.801216275017087,0.790613522409391,0.791771756532842,0.787426558951335,0.78085881476062,0.801020687357446,0.786658340428846,0.837241518357466,0.048702124998631,,,,,,
lfdr_class0,0,0,0.15,0,0.05,0,0.05,0,0.05,0,0.038461538461539,0.08974358974359,0.08974358974359,0.038461538461539,0.307692307692308,0.038461538461539,0.051282051282051,0.038461538461539,0.076923076923077,0.076923076923077,0.191666666666667,0.058333333333333,0.410833333333333,0.09,0.120833333333333,0.116666666666667,0.2125,0.204166666666667,0.133333333333333,0.323333333333333,0.675357142857143,0.492083333333333,0.225,0.4675,0.44,0.465,0.568333333333333,0.802638888888889,0.545833333333333,0.445833333333333,0.203384996947497,0.214961864891745,,,,,,
ltpr_class0,1,1,1,1,1,1,1,1,1,1,1,1,1,1,0.923076923076923,1,1,1,1,1,1,1,1,1,1,1,1,1,1,1,1,1,1,1,1,1,1,1,1,1,0.998076923076923,0.012162606385263,,,,,,
mse_class0,0.00312,0.00312,0.00312,0.00311,0.00319,0.00291,0.003,0.00369,0.00322,0.0029,0.001908804086538,0.001989933894231,0.002378305288462,0.001462590144231,0.002776442307692,0.00166015625,0.002027493990385,0.001652644230769,0.001931340144231,0.001958383413462,0.002277124054578,0.002186776764539,0.002255289350237,0.002243460051867,0.002141850062779,0.002113477590133,0.00220626208247,0.002261979862135,0.002252298938985,0.002319570736009,0.003915809312899,0.003566230269236,0.00319056811288,0.003217023412084,0.003400324451397,0.003373924341081,0.003523890840735,0.003621249134479,0.003194327449268,0.003390133853827,0.00269444161054,0.000662490168348,,,,,,
n_gt_class0,1,1,1,1,1,1,1,1,1,1,1,1,1,1,1,1,1,1,1,1,1,1,1,1,1,1,1,1,1,1,1,1,1,1,1,1,1,1,1,1,1,0,,,,,,
n_pred_class0,1,1,1.3,1,1.1,1,1.1,1.1,1.1,1,1.53846153846154,2,2.38461538461538,1.15384615384615,2.76923076923077,1.46153846153846,2,1.53846153846154,2,1.69230769230769,1.5,1.15,2.5,1.35,1.35,1.3,1.7,1.55,1.35,2.15,4.35,2.7,1.65,2.5,2.5,2.4,3.55,6.4,2.85,2.25,1.90721153846154,1.05355788233237,,,,,,
precision_class0,0.918732081015646,0.931422475798821,0.936355491009186,0.947327687155948,0.941375753819354,0.938683419165862,0.939402341850998,0.950845056452815,0.927229550435754,0.927539951874788,0.925516776821969,0.93945930019236,0.934195156823602,0.905570022053548,0.925253091054333,0.935738434896733,0.934130605482773,0.915017166458647,0.921746755027433,0.939938114933002,0.877823005122949,0.874626385218531,0.87143194355264,0.877723270581551,0.876403110377079,0.876905976079274,0.869861446551024,0.867041830947174,0.859223244015384,0.867073550043021,0.656814290449383,0.68144214661337,0.710054721936767,0.707223546943654,0.695758357297236,0.697163012625876,0.682842677008563,0.679845296244437,0.710143399310261,0.703195864199437,0.85695190768603,0.10001165639666,,,,,,
recall_class0,0.872174891367254,0.858215313248422,0.853885439460541,0.84192828902287,0.842840644616608,0.865676002868366,0.857593199276016,0.800403853363902,0.855861702056824,0.879370673158555,0.75486009206766,0.723289435511857,0.671924029144284,0.854064137343784,0.615995878088283,0.786694257318681,0.716828496501993,0.806587825789689,0.756892285670932,0.726012245348601,0.847455432147232,0.86415914733473,0.859147344528327,0.852577414882799,0.868266244950256,0.871535530816968,0.867179648061787,0.863452920979126,0.875634691472649,0.855782036257305,0.935179167958035,0.934859285988008,0.927522760552415,0.930598610017162,0.92144986860531,0.922302384704149,0.936863067572983,0.924443645872986,0.925085502917871,0.898683284046326,0.845581917022289,0.075699005250971,,,,,,
rvd_class0,0.049756857177892,0.077381964942389,0.086812579936849,0.111083680675889,0.104384457013858,0.076594229333883,0.08692042318684,0.156998431342433,0.075711439222972,0.049602838639259,0.181913391925922,0.226921009991295,0.280636940624984,0.055618206867098,0.32779883099932,0.15966518503874,0.234190985585737,0.116278098273614,0.173155591809872,0.22735756488749,0.034105752996922,0.011685098297244,0.013150022249029,0.028334100072016,0.008570205877277,0.005774598296795,0.002967038640652,0.003677357364635,-0.019518252423756,0.012782203629329,-0.435172952503614,-0.382658356068172,-0.314281581635603,-0.324712789678573,-0.332668742541216,-0.331129719309044,-0.381352292113783,-0.371212989492186,-0.31070486641413,-0.285621224170579,-0.012730117036261,0.212014894736882,,,,,,
specificity_class0,0.999608036582114,0.999678397886396,0.999701837022029,0.999765498833568,0.999735342466816,0.999711898611794,0.99972194325419,0.999788957506607,0.999658297155044,0.999644895362147,0.999964265991491,0.999971789995718,0.999973247985803,0.99994883931977,0.999968127320975,0.999969712652265,0.999972365369538,0.999956308380386,0.999960488310538,0.999973598295171,0.999925853018272,0.999922057887542,0.999920040208538,0.999925272966507,0.999922525907338,0.99992292457723,0.999918623770648,0.999916704024185,0.999909781445586,0.999917466476603,0.999874119462667,0.999886966221669,0.999902512545439,0.999900729320224,0.999896347730014,0.999897088449359,0.999888057806238,0.999887386405177,0.999902900259446,0.999902316978652,0.999870338094092,0.000105733202273,,,,,,
vol_gt_class0,190.874988460541,190.874988460541,190.874988460541,190.874988460541,190.874988460541,190.874988460541,190.874988460541,190.874988460541,190.874988460541,190.874988460541,1248.46161756149,1248.46161756149,1248.46161756149,1248.46161756149,1248.46161756149,1248.46161756149,1248.46161756149,1248.46161756149,1248.46161756149,1248.46161756149,1024.24663813561,1024.24663813561,1024.24663813561,1024.24663813561,1024.24663813561,1024.24663813561,1024.24663813561,1024.24663813561,1024.24663813561,1024.24663813561,552.74218788743,552.74218788743,552.74218788743,552.74218788743,552.74218788743,552.74218788743,552.74218788743,552.74218788743,552.74218788743,552.74218788743,754.081358011268,416.068286969965,,,,,,
vol_pred_class0,181.124991416931,175.874991822243,174.124991643429,169.499991726875,170.749992096424,175.999991440773,174.124991714954,160.499993848801,176.124991965294,181.124992060661,1042.06737639354,997.06737110248,909.807752462534,1194.66353859351,858.461594746663,1066.44237862183,984.95199068693,1125.28853337581,1055.62507339624,988.990448566583,989.050335432589,1011.89344089329,1010.63262771517,995.038042119145,1015.86719863713,1018.26259856522,1019.93866065145,1020.30793025494,1044.07628771067,1010.95600665957,791.320311953872,763.0859368518,724.835937006772,730.460937014222,735.242186915129,734.093749336898,761.468749402463,756.812499480695,722.757811868936,709.687499597669,738.210118143753,352.436407764061,,,,,,
,,,,,,,,,,,,,,,,,,,,,,,,,,,,,,,,,,,,,,,,,,,,,,,,
Metrics difference,,,,,,,,,,,,,,,,,,,,,,,,,,,,,,,,,,,,,,,,,,,,,,,,
Hard-Dice-Sig,,,,,,,,,,,,,,,,,,,,,,,,,,,,,,,,,,,,,,,,,,,,,,,,
avd_class0,-0.00031296977186,0.039947388433538,0.009828577989708,0.054010024020177,-0.004065032196033,0.06167675215032,0.006448890996513,-0.004773546571693,0.005373859819285,0.022089209766177,-0.065130476797671,-0.086503834689213,-0.100978086365838,0.024581942361154,-0.063165656786102,-0.086064748674833,-0.142445810467772,0.005120475087222,-0.095820676526309,-0.028528020220396,-0.003274619904553,-0.0334309001645,-0.0288800239324,-0.009525741831192,-0.005168254286828,0.001988799917921,-0.004176957096833,-0.006550213356359,-0.003636538863781,0.000492686071572,-0.077261161066402,0.080049901067825,-0.005138734751609,0.028949888047084,0.026843184265821,0.04957549009171,0.079515629886345,-0.023277133380804,0.011208158487795,0.078220482032377,,,,,,,,
dice_class0,0.01532787945451,0.003276571235514,0.002683440484474,-0.00433522794922,0.015706107182263,-0.000733415397116,0.002002878885019,0.007513942644416,0.013068716182643,0.010726627972712,0.045968158515623,0.060003146735058,0.094912604993157,0.017069691616154,0.036099636495814,0.078929725062499,0.142147399138673,0.020056847848693,0.120495640906506,0.052683542532865,0.01827184093138,0.023166598252506,0.024379778361979,0.027337338211852,0.009275309321618,0.014878294686046,0.031773899790408,0.037792965423002,0.01329559421639,0.017533646949634,-0.023006371974191,-0.012756408484692,-0.000224033861564,-0.00971117796399,-0.036090958539821,-0.014785900304725,-0.041586046239097,-0.007742662069353,-0.000776961008793,-0.013680396888804,,,,,,,,
lfdr_class0,0,0,0,0,0,0,0,0,0.05,-0.066666666666667,-0.076923076923077,0.012820512820513,0.044871794871795,-0.08974358974359,-0.080769230769231,-0.128205128205128,-0.012820512820513,0.08974358974359,-0.230769230769231,-0.038461538461539,-0.16875,-0.2375,-0.176607142857143,-0.066666666666667,-0.033333333333333,0,-0.15,-0.308134920634921,-0.119444444444444,-0.185833333333333,-0.201825396825397,-0.145376984126984,-0.19452380952381,-0.141666666666667,0.017559523809524,-0.234543650793651,-0.133412698412698,0.031051587301588,-0.00827380952381,-0.051666666666667,,,,,,,,
ltpr_class0,0,0,0,0,0,0,0,0,0,0,0,0,0,0,0,0,0,0,0.076923076923077,0,0,0,0,0,0,0,0,0,0,0,0,0,0,0,0,0,0,0,0,0,,,,,,,,
mse_class0,-0.00044,-0.00015,-7.99999999999998E-05,0,-0.00045,-7.99999999999998E-05,-4.00000000000001E-05,-0.00018,-0.00039,-0.00038,-0.000361328125,-0.000487530048077,-0.000782001201923,-0.000181790865385,-0.000386117788462,-0.000616736778846,-0.001130558894231,-0.000261418269231,-0.000973557692308,-0.000414663461538,-0.000296415523607,-0.000483559588997,-0.000452762058803,-0.000423586475606,-0.000175053343481,-0.000287527590382,-0.000571226470324,-0.000657779771454,-0.000263908230529,-0.000267118181501,0.000172523791236,0.000328960242867,-2.79726449598098E-05,0.000207850392014,0.000617556736186,0.000311179941215,0.00080142631533,3.68953053619834E-05,2.43742310053899E-05,0.000329462700532,,,,,,,,
n_gt_class0,0,0,0,0,0,0,0,0,0,0,0,0,0,0,0,0,0,0,0,0,0,0,0,0,0,0,0,0,0,0,0,0,0,0,0,0,0,0,0,0,,,,,,,,
n_pred_class0,0.1,0,0,0,-0.1,0,-0.1,-0.1,0.1,-0.2,-0.461538461538461,-0.307692307692307,-0.923076923076923,-0.461538461538462,-0.692307692307692,-0.692307692307693,-1.15384615384615,-0.076923076923077,-0.769230769230769,-0.769230769230769,-0.95,-0.85,-1,-0.2,-0.35,-0.05,-0.65,-1.5,-0.75,-0.8,-1.1,-0.600000000000001,-1.1,-0.55,-0.05,-2.1,-0.65,1.2,-0.3,-0.95,,,,,,,,
precision_class0,0.019520273323301,0.027734332323735,0.016782673532005,0.030413696052181,0.021451017309286,0.03727029573634,0.003074217243476,0.006918419261861,0.02293139502577,0.03388991534799,-0.000373660839421,-0.001270016014876,0.027721975161857,0.054304819353782,-0.009174000144825,0.00907687577658,0.041423931065649,0.044669676452729,0.035937346051122,0.028423964697736,0.017868713295273,0.055358100927459,0.036796899899886,0.018483387810486,0.020000948637377,0.032387925105807,0.050160963777907,0.049447376837911,0.029579525291016,0.01111091962176,0.001069586316166,-0.025798148718399,0.003899202512435,-0.014288016100923,-0.037328624227189,-0.023176165790357,-0.051252019335188,0.003574652499155,-0.002124142861216,-0.02969291684933,,,,,,,,
recall_class0,0.011841463498565,-0.015083914523822,-0.011281005822227,-0.03245001676411,0.009321456788293,-0.03106498411222,0.000205217366237,0.008349806241209,0.004844666450891,-0.009194619435322,0.06429797768385,0.085418820786142,0.101774107816686,-0.027361801892508,0.063056833246197,0.094410420362438,0.156576544300959,-0.007902794609852,0.118254370483031,0.0417785917034,0.018711179117426,-0.011052551711864,0.010440891081646,0.034998899689067,-0.001876057106593,-0.00230997590766,0.013005098224451,0.025653876976852,-0.003175059527697,0.024192121952178,-0.060080619699788,0.014018375893197,-0.005579734593778,-0.000221805492231,-0.03172546379798,0.001606092440556,-0.018942283790317,-0.024112200801967,0.002384627219058,0.014034851507704,,,,,,,,
rvd_class0,0.005401315942426,0.039947388433538,0.028401266562397,0.065112255122409,0.011283583152582,0.068057038530607,0.001494116041738,-0.004773546571693,0.016772461217887,0.043791201468169,-0.066989020938094,-0.091046942588026,-0.082677552209222,0.086431302695502,-0.07337415250585,-0.092053390905086,-0.135401761149692,0.057054197537023,-0.088763513505843,-0.017207636689884,-0.001505781146234,0.080470192423688,0.033258799618342,-0.019802382053046,0.024578677625872,0.039386283725112,0.042274561988685,0.028233316793412,0.038284481199663,-0.01576835562144,0.094923598280505,-0.075006099634324,0.01376628983523,-0.028976434370419,-0.024984941632426,-0.04737214525497,-0.078931610772992,0.043031088942406,-0.008526979831039,-0.07572512763896,,,,,,,,
specificity_class0,8.71056629423439E-05,0.000127316884568,8.71084671392186E-05,0.000164156585254,0.000103855859814,0.000187615137241,1.00581087451035E-05,2.01115028206633E-05,0.000107196963506,0.000174207504711,-1.48339066208258E-06,-3.01932277724237E-06,1.12156634016758E-05,3.36800530523762E-05,-5.53409319448139E-06,1.5402044940549E-06,1.21062176695608E-05,2.81230972215551E-05,1.68833739268015E-05,1.40445117974286E-05,1.08196628882951E-05,4.38099072722631E-05,2.70517689839878E-05,9.59122114585487E-06,1.38068278148218E-05,2.32995333092623E-05,3.48672985299725E-05,3.34274363905651E-05,2.221344030362E-05,5.50548263100747E-06,8.52750304236594E-06,-1.5226126144352E-05,2.47128007135888E-06,-7.38917105136405E-06,-1.43865819813849E-05,-1.1621260720851E-05,-2.44102514320721E-05,4.59760954085731E-06,-1.48158025203848E-06,-1.52523230124713E-05,,,,,,,,
vol_gt_class0,0,0,0,0,0,0,0,0,0,0,0,0,0,0,0,0,0,0,0,0,0,0,0,0,0,0,0,0,0,0,0,0,0,0,0,0,0,0,0,0,,,,,,,,
vol_pred_class0,-1.00000064373018,-7.62499854564666,-5.4999990582466,-12.249999332428,-2.12499873638154,-12.9999987602234,-0.249997973442078,0.750001382827747,-3.12499959468843,-8.2499995112419,74.5673135335628,103.413466701141,99.0865387733165,-114.519240746131,104.134616870147,112.644236482107,159.951931705842,-73.8461629427395,111.923088587247,18.1730769780966,1.91340511441229,-82.9262133330105,-36.4584145337344,20.3419083029032,-24.8372047767043,-40.1105354234576,-43.7449771553277,-28.678164280951,-38.8167293548584,15.9286044031381,-51.1015616789459,40.5859371386468,-8.47656271085145,15.7187499143183,14.1718748070301,26.0156247168779,43.6953123018145,-22.9999994583428,4.601562345773,40.5468746952712,,,,,,,,
,,,,,,,,,,,,,,,,,,,,,,,,,,,,,,,,,,,,,,,,,,,,,,,,
Hard-Adap-Relu,,,,,,,,,,,,,,,,,,,,,,,,,,,,,,,,,,,,,,,,,,,,,,,,
avd_class0,-0.004512937784431,0.020024976669497,-0.024546731201184,0.029771408416812,-0.020469035149534,0.028750837162823,0.016711529333315,0.018202659879075,-0.004354313518092,-0.013097869538549,-0.03399228794524,-0.012973233159075,-0.060429362734998,0.008084289631477,-0.051541307623845,-0.002231488261033,-0.097249055338186,-0.02887943539951,0.038993310606382,0.001216900721033,-0.013293515745836,0.003231848698512,0.000609871576484,-0.007378766049303,-0.004437795198185,-0.001038574440251,-0.002341458518291,-0.011377243971212,0.00317553296319,-0.002517939983255,-0.06495905695927,0.017171766143117,-0.014159509956376,-0.047632838569755,-0.052577042638151,-0.014846348467615,-0.075462823784868,0.027524880950865,-0.102685027817849,-0.112230524853805,,,,,,,,
dice_class0,0.008624728530684,-0.006190060309982,0.000565550819297,-0.010401035887674,0.006674130476771,-0.008202501269224,-0.00757644915906,0.000402359465103,-5.5698631052592E-05,0.005222483087975,0.016143615947617,0.007502729834808,0.048954618360067,0.008984184101681,0.030478153907129,-0.002393545415452,0.085340505280555,0.017596712988497,-0.009303306042209,0.008373792841397,0.006009210133243,0.001395042120227,0.000836856074683,0.007107724341646,-0.013610684901396,-5.36002194041485E-05,0.007871516895736,0.004469010376048,-0.001796851043245,0.001548840946271,-0.027714608602766,-0.001052035900404,0.01125447152703,0.009079792927968,-0.002092842079546,0.019958014946889,-0.000325482634975,-0.014925212859069,0.031488844735903,0.017448427561862,,,,,,,,
lfdr_class0,0,0.05,-0.05,0,-0.05,0.016666666666667,0,0,0,0,-0.064102564102564,0.051282051282051,0.057692307692308,-0.076923076923077,0.108974358974359,0.038461538461539,-0.035897435897436,0.012820512820513,-0.038461538461539,0.038461538461539,-0.0125,-0.0375,0.0375,0.008333333333333,0.0225,0,-0.025,0.066666666666667,-0.056666666666667,0.025,0.0225,0.173611111111111,-0.021666666666667,-0.052837301587302,0.006666666666667,-0.243511904761905,-0.177103174603175,0.108492063492064,-0.111130952380953,-0.14875,,,,,,,,
ltpr_class0,0,0,0,0,0,0,0,0,0,0,0,0,0,0,0,0,0,0,0,0,0,0,0,0,0,0,0,0,0,0,0,0,0,0,0,0,0,0,0,0,,,,,,,,
mse_class0,-0.00025,0.00014,6.00000000000006E-05,0.00024,-0.00017,0.0002,0.0002,-3.99999999999997E-05,2E-05,-0.00016,-9.69050480769229E-05,-7.13641826923079E-05,-0.000419170673077,-1.20192307692304E-05,-0.000298227163462,-3.00480769230803E-06,-0.000621243990385,-0.000100661057692,9.54026442307693E-05,-3.00480769230772E-05,-7.23341338488524E-05,-1.31454467773439E-05,3.71317960778028E-06,-0.000104038316376,0.000230544421138,-2.43734242964763E-05,-0.000138932987135,-4.32798424545599E-05,2.24855384048147E-05,2.42731522540657E-05,0.00027806132553,4.84254205890679E-05,-0.000212756483638,-0.000227337386469,-5.58835738630912E-05,-0.000353959962103,-0.000141778918612,0.000243333107266,-0.000698412204243,-0.000483438539155,,,,,,,,
n_gt_class0,0,0,0,0,0,0,0,0,0,0,0,0,0,0,0,0,0,0,0,0,0,0,0,0,0,0,0,0,0,0,0,0,0,0,0,0,0,0,0,0,,,,,,,,
n_pred_class0,0.1,0.1,0,0,-0.2,0.2,0,0,0,0,-0.230769230769231,0,-0.230769230769231,-0.307692307692308,0,0,-0.923076923076923,0,0.230769230769231,0.153846153846154,-0.15,0.05,0.15,0.05,0.1,-0.05,-0.1,0.3,-0.2,0.15,0.75,1.65,-0.15,-0.05,0.15,-2.15,-1.4,2.85,-0.9,-1.95,,,,,,,,
precision_class0,0.005822094103927,0.010066043026924,-0.017623697425832,0.004495458586493,-0.001678599538949,0.004412203087986,0.001773552855903,0.013557793433944,-0.001363128720833,0.001093967599202,-0.006426783834964,-0.001258569451557,0.010323727184346,0.012337071721899,-0.007471645750661,-0.002562876956191,0.006012833668156,-0.001488527486868,0.014086373804387,0.004994772859892,-0.004743695491321,-0.005916221692788,-0.006503829667109,0.000933928059524,-0.019173650073195,0.010604707698658,0.012100984985559,-0.007108621327032,-0.002144931053158,-0.017410861060703,-0.00454915970913,-0.003494174166958,0.014191554789922,0.016041568196027,0.009458592269185,0.020526061380225,0.018061682860107,-0.014522917956029,0.049130091712125,0.040601116341661,,,,,,,,
recall_class0,0.010754824222764,-0.018063629389532,0.015888735058032,-0.022517050385939,0.013705264986691,-0.01793074638158,-0.015488591372821,-0.007333089423918,0.001680442812548,0.009151551300872,0.026279332492937,0.013654895944382,0.057934684505038,-0.002412811216069,0.052286231054235,0.001878139217166,0.103988263251786,0.022752153183826,-0.027542452517859,0.005343927765151,0.015461874812031,0.008717556796868,0.008101457929755,0.012560957650388,-0.008144852855809,-0.010689925924013,0.003479506363903,0.015029617905487,-0.001112564504941,0.020289235878978,-0.061370570063694,0.004825300451601,0.005630797464222,-0.006690431268174,-0.022990818590949,0.017279570305998,-0.033607238215169,-0.011368122993787,-0.003497418548888,-0.026441880382189,,,,,,,,
rvd_class0,-0.005551898823392,0.027167833812354,-0.035760922415376,0.029771408416812,-0.0161061007866,0.023036551448537,0.017144879766666,0.018202659879075,-0.004354313518092,-0.008083154523834,-0.03291488572295,-0.016070806726447,-0.052519752496134,0.012833902434781,-0.061956308248084,-0.004090032401456,-0.105509251517845,-0.025575356927647,0.04291690379172,-0.002913197368797,-0.022326178594638,-0.016390463997605,-0.016776611085113,-0.013252237153777,-0.011856277762762,0.023971126070242,0.009441048547899,-0.024655749799696,-0.000806993625389,-0.043342920434585,0.081612733886672,-0.016640839676433,0.01928295035988,0.047075365779736,0.054249461008206,0.016518766837671,0.087010474435253,-0.013284254186203,0.107383727048006,0.12258359095415,,,,,,,,
specificity_class0,2.68041501547689E-05,4.69080241887188E-05,-0.000100507346968,3.68541828104085E-05,-1.34071820587778E-05,2.68065065807122E-05,1.00592314286052E-05,5.69641112351249E-05,-1.34005616210242E-05,6.70656323920049E-06,-3.68739230827142E-06,-1.26839760528075E-06,3.02034577615018E-06,5.88944552837312E-06,-5.27598632726889E-06,-1.36330577193977E-06,-8.14969816631539E-07,-1.51337529685769E-06,8.88058242642931E-06,1.44911749344612E-06,-4.08574945720552E-06,-4.23982441977167E-06,-5.49298948882004E-06,-4.62076428564551E-07,-1.27663869694539E-05,8.26255097219342E-06,7.92061692245216E-06,-5.96398861663072E-06,-9.11636923395243E-07,-1.41387748390231E-05,4.93362272202536E-06,-2.91083595116426E-06,6.50135895596815E-06,9.95214609345041E-06,7.74572875217316E-06,8.54689228191319E-06,1.34900180815967E-05,-6.27119649843078E-06,2.62615310449021E-05,2.42090383903992E-05,,,,,,,,
vol_gt_class0,0,0,0,0,0,0,0,0,0,0,0,0,0,0,0,0,0,0,0,0,0,0,0,0,0,0,0,0,0,0,0,0,0,0,0,0,0,0,0,0,,,,,,,,
vol_pred_class0,1.12499970197678,-5.24999918937681,6.74999957084657,-5.75000022649763,3.12500022649766,-4.49999928474426,-3.24999989271163,-3.74999822378157,0.749999904632546,1.4999994635582,33.028848657241,19.1826949853164,66.9230700364479,-25.0961531033884,81.7788537098811,5.19231016819276,118.413466050075,25.9615370585368,-58.1250016505902,1.15384842799256,21.685249145329,15.23638138026,17.2455462068319,12.9617986440659,11.8905155435205,-24.8360194176436,-9.33209627568715,25.1906251490117,-0.080425702035427,43.8729905679821,-43.49999903813,8.96874989196658,-11.2968754217029,-25.4843749299646,-29.3515623874961,-9.46093770116568,-47.1171872831881,8.14843801930545,-59.3749999441206,-67.4453124463558,,,,,,,,
,,,,,,,,,,,,,,,,,,,,,,,,,,,,,,,,,,,,,,,,,,,,,,,,
Soft-Adap-Sig,,,,,,,,,,,,,,,,,,,,,,,,,,,,,,,,,,,,,,,,,,,,,,,,
avd_class0,-0.066164622096418,0.01482566539238,-0.598027223378067,-0.338779880568646,-0.033525121748497,-0.857995318991125,-0.034927828622895,-0.104657397322556,0.039171865833603,-0.55313341461537,-0.305703529587389,-0.004544362088883,-0.840085600292171,-0.154172549882487,0.064176302436799,-0.837696325249279,0.049291458223021,-0.854525268923541,-0.752776259566818,0.013712940964964,-0.84386924922711,-0.948242306863332,-0.954010547103696,-0.280114514818922,-0.952823164274217,-0.953359066353218,-0.954745238681901,-0.955763396846987,-0.953393757497043,-0.941048687421913,0.075753313208009,0.188394230868244,0.031776116390909,0.041924651570136,0.007926521172207,0.10561079163623,0.057132835732242,0.049500983887632,-0.054544281689785,-0.032524703380633,,,,,,,,
dice_class0,0.080009013229182,0.021748091600132,0.575478403945415,0.299244391373381,0.051640252687162,0.882143586507357,0.028318038041264,0.116170273121198,0.066293109571137,0.538601796717368,0.247783483612003,0.03519929738917,0.844661317071721,0.253045244407442,-0.017208116642301,0.847625240456296,0.019390922713497,0.852847330380892,0.793878111608596,0.036748103808001,0.773775186022196,0.869317438742356,0.868892395917698,0.427581834861311,0.854709025151484,0.874095769111707,0.877076953052075,0.86418104226876,0.868662402554858,0.861039223811233,0.005952753896912,-0.00598143729137,0.024889507881077,0.009898424791532,0.030450318035507,0.002202590677291,-0.017938229793367,0.023858440358702,0.033196172364147,0.017372090866348,,,,,,,,
lfdr_class0,-0.183333333333333,0,-0.241666666666667,-0.291666666666667,-0.1,0.066666666666667,0.05,-0.183333333333333,-0.125,-0.333333333333333,-0.743589743589744,0.051282051282051,0.173076923076923,-0.076923076923077,0.019230769230769,0.038461538461539,-0.08974358974359,0.128205128205128,0.076923076923077,-0.478205128205128,0.133333333333333,0.0875,-0.783946886446886,0.095833333333333,0.145833333333333,0.0875,0.058333333333333,0.15,0.083333333333333,0.083333333333333,-0.259044011544012,-0.115992063492064,-0.361089466089466,-0.163115079365079,-0.206863275613276,-0.242599206349206,-0.247509920634921,-0.026387085137085,-0.134006132756133,-0.195024142524143,,,,,,,,
ltpr_class0,0,0,0.2,0,0,1,0,0,0,0.2,0,0,1,0,0,1,0,1,1,0,0.25,1,0.9,0,1,1,1,1,1,1,0,0,0,0,0,0,0,0,0,0,,,,,,,,
mse_class0,-0.00214,-0.00062,-0.00985,-0.00596,-0.00142,-0.01201,-0.00069,-0.00287,-0.00212,-0.00954,-0.003929537259615,-0.000509314903846,-0.004773137019231,-0.002667518028846,-0.000124699519231,-0.004847506009615,-0.000416165865385,-0.0048828125,-0.004487680288462,-0.001140324519231,-0.006116784854811,-0.00618284965048,-0.006211775332081,-0.005645326264051,-0.005960587170659,-0.006269073953434,-0.006320667033293,-0.006104252250827,-0.006169941026337,-0.006032726365693,7.93796646148849E-06,0.000422227615772,-0.000362719581968,-9.57529310169369E-05,-0.000490834217609,0.000129816656243,0.000382405957471,-0.000271909192266,-0.000650394360557,-0.000348433166771,,,,,,,,
n_gt_class0,0,0,0,0,0,0,0,0,0,0,0,0,0,0,0,0,0,0,0,0,0,0,0,0,0,0,0,0,0,0,0,0,0,0,0,0,0,0,0,0,,,,,,,,
n_pred_class0,-0.6,0,-0.2,-1.8,-0.4,1.3,-0.1,-0.9,-0.6,-0.6,-5.15384615384615,0,1.84615384615385,-0.230769230769231,0,1.38461538461538,-0.076923076923077,1.46153846153846,2,-1.30769230769231,0.1,1.3,-2.35,-0.45,1.5,1.25,1.15,1.5,1.2,1.3,-2.75,-1.2,-4.2,-1.3,-3.2,-2.3,-2.95,-1.75,-2.5,-4,,,,,,,,
precision_class0,0.04584150275198,0.036374005731735,0.082364626131441,0.066378260427748,0.041138831896765,0.955072297168394,0.003788216978146,0.060791471058727,0.102929039887246,0.138966047515496,0.327023867003047,0.079234029242186,0.927121238776003,0.191040090989617,0.053496395663619,0.935234068349292,0.085382738190649,0.933190391178124,0.945982692859822,0.210131824247189,0.352116516906474,0.875358528416319,0.847138432329876,0.32156374083233,0.869288656705129,0.886751183656335,0.89052422124701,0.874717060818901,0.87526430637243,0.865542599461979,-0.011574108116059,-0.047605291771264,0.013969239689247,-0.000228557571393,0.024888710318199,-0.021784553944158,-0.024779692836628,0.008250694731335,0.04142014516651,0.021266135391798,,,,,,,,
recall_class0,0.10541277325683,0.007122746374264,0.627237951969659,0.363796662266919,0.057429775418077,0.825263626644931,0.04622653167902,0.145715295365113,0.037681113635865,0.593864352371581,0.107595031148614,-0.009123027240443,0.785473670533621,0.283029475513805,-0.050415284586522,0.788267329130654,-0.037749173256957,0.795957496563379,0.713253446864601,-0.096366908537003,0.799767416442386,0.865078118077438,0.86970178899361,0.484513638286381,0.841998935902397,0.863038587397855,0.865024298049542,0.854994063382887,0.863607931369668,0.859025436782663,0.033353441701013,0.066544977184992,0.040260810268465,0.027756092495838,0.03769897569577,0.04337716951126,-0.00157234998549,0.047649546002611,0.016286821838911,0.007784048645405,,,,,,,,
rvd_class0,-0.070060725992522,0.027329827896542,-0.61066998602083,-0.338779880568646,-0.020883799107174,-0.865138176133982,-0.046785700480767,-0.104657397322556,0.06578210244384,-0.564412135894091,0.406654644187083,0.097974373978621,-0.84690026214039,-0.159541677399266,0.112405305428828,-0.843684967479532,0.135954124607992,-0.854525268923541,-0.752776259566818,0.361906691979283,-0.865080620852197,-0.988580085811499,-0.994109200612496,-0.291368163600492,-0.969149609578597,-0.973715280348507,-0.971500125284465,-0.977064527280337,-0.986917431870336,-0.993518415071398,-0.068164705041546,-0.192880559511727,-0.028086177447453,-0.040305325846749,-0.004183489582082,-0.105239143109551,-0.053071248262107,-0.056567538861976,0.061472872080016,0.034197121750689,,,,,,,,
specificity_class0,0.000174188537482,0.000174213013838,8.03865146136173E-05,0.000120579569512,0.000184261246492,-0.00019764429472,-3.35255202310591E-06,0.000207714858505,0.000522633076064,0.000144034411593,0.000297356844947,5.07341356743574E-05,-3.46997401332594E-05,7.10801171895925E-05,3.55044906806823E-05,-3.12384173591917E-05,5.55238816127845E-05,-3.30308614612251E-05,-2.23626998979709E-05,0.000151650043791,-4.02034202807711E-05,-7.68392759395997E-05,-7.8346116247574E-05,0.000123329194815,-8.007088208839E-05,-6.93458650992129E-05,-6.67557855039691E-05,-7.66067576474239E-05,-7.70609982188031E-05,-8.40009772854478E-05,-8.78146922600465E-06,-3.16590224543889E-05,3.34177408112257E-06,-3.16834707658753E-06,8.60075724817833E-06,-1.53881554166846E-05,-1.33341498987916E-05,-2.11740477118472E-06,1.97889352321345E-05,1.08104331878467E-05,,,,,,,,
vol_gt_class0,0,0,0,0,0,0,0,0,0,0,0,0,0,0,0,0,0,0,0,0,0,0,0,0,0,0,0,0,0,0,0,0,0,0,0,0,0,0,0,0,,,,,,,,
vol_pred_class0,13.7499978542328,-5.2499981164932,117.124993765354,65.4999940633774,4.00000023841858,164.874992597103,8.87499982118607,20.3749990344048,-12.4999997377396,108.499993431568,-498.028857130271,-126.057698607445,1069.61545377511,198.605786149318,-130.384623124049,1070.91353091827,-167.307699194321,1084.61545163852,962.307758257939,-443.653866712864,885.39249253124,1010.69610994756,1016.98249428272,308.232965585589,992.245476101339,997.026507633924,994.393563885987,999.704514805973,1009.99322418571,1016.31901675612,37.5468756482005,104.890624386817,14.0078119419516,21.1640622526407,1.39843713566677,56.6640620581805,28.5078119292855,30.9140621744096,-34.7812501825392,-19.937500102818,,,,,,,,
,,,,,,,,,,,,,,,,,,,,,,,,,,,,,,,,,,,,,,,,,,,,,,,,
Soft-Dice-ReLU,,,,,,,,,,,,,,,,,,,,,,,,,,,,,,,,,,,,,,,,,,,,,,,,
avd_class0,0.01378231259602,0.042111067586402,-0.010373961966722,0.04011197793021,-0.023578108922883,0.052673188937729,-0.003355220460286,-0.014679258389776,0.008786973878575,0.014375576866251,-0.06820932785065,-0.122801976811436,-0.120722540917155,0.061636570288513,-0.137996778883179,-0.00314364761378,-0.106013491157223,0.01680111926027,0.066386480694699,-0.016805602497438,-0.005430897093275,0.005651186512102,-0.002430731412455,-0.007126438841365,0.009214591212702,0.007271011202406,0.008964025417537,0.00595934104602,0.004607245346476,0.013955954227255,-0.149768488217774,0.025442939903998,-0.002055979093531,0.065155715774575,-0.011061797267161,0.024371995407274,0.00993195033472,-0.023287723639339,0.000698815879951,0.032963608285887,,,,,,,,
dice_class0,0.00301080985338,-0.004527632580964,0.002323861604063,-0.013386288082346,0.011494181786724,-0.015011669274629,-0.003152769493303,0.003512091464348,0.00113055908478,-0.002957495333926,0.052099811488989,0.084541817369361,0.081471882516328,-0.015861938031165,0.115667702712569,0.000105345965641,0.081887300987384,0.004295956781663,-0.016056784748325,0.016039038860282,0.004550416539409,0.000678883593773,0.00453331637016,0.009579416649504,-0.017134200555895,0.000378583184692,0.008975982532856,-0.000486978067418,0.001901154153694,0.000332841797029,-0.015589272576806,-0.013568346469048,-0.003921377241564,-0.022926461816602,-0.02203723120801,-0.003009184681322,-0.03098150557704,-0.038683730561914,-0.011392420722232,0.000765489709096,,,,,,,,
lfdr_class0,0,0.05,-0.1,0,-0.05,0.066666666666667,0,0,0,0,0,-0.038461538461539,0.083333333333333,-0.038461538461539,-0.16025641025641,0,0.025641025641026,0.08974358974359,0,0.012820512820513,-0.058333333333333,0.029166666666667,-0.225,0.005833333333333,0.025,-0.029166666666667,-0.154166666666667,-0.054166666666667,-0.05,-0.24,-0.181190476190476,0.104861111111111,0.213333333333333,0.119464285714286,0.115,-0.039166666666667,-0.115,0.041845238095238,0.069166666666667,0.123333333333333,,,,,,,,
ltpr_class0,0,0,0,0,0,0,0,0,0,0,0,0,0,0,0.076923076923077,0,0,0,0,0,0,0,0,0,0,0,0,0,0,0,0,0,0,0,0,0,0,0,0,0,,,,,,,,
mse_class0,-0.00012,4.99999999999997E-05,-2E-05,0.00029,-0.00026,0.00035,0.00012,-5.99999999999997E-05,-6.99999999999993E-05,3.00000000000001E-05,-0.000424429086538,-0.000537109375,-0.000649038461538,0.000116436298077,-0.000975060096154,-5.25841346153905E-06,-0.000555138221154,-3.30528846153848E-05,8.33834134615389E-05,-9.99098557692307E-05,-6.71487925003986E-05,-1.73792936364E-05,-6.28405201191806E-05,-0.000124438538843,0.000249809887944,-3.03044221839125E-05,-0.00017468199438,-1.3984991579639E-05,-6.99928439393343E-05,-4.99803192760724E-08,-8.09168212646677E-05,0.000264890660477,4.60571173238017E-05,0.000484970993639,0.00033617288479,8.5359130094228E-05,0.000521018739914,0.000516786561458,0.000182866534802,3.47927023287829E-05,,,,,,,,
n_gt_class0,0,0,0,0,0,0,0,0,0,0,0,0,0,0,0,0,0,0,0,0,0,0,0,0,0,0,0,0,0,0,0,0,0,0,0,0,0,0,0,0,,,,,,,,
n_pred_class0,0.1,0.2,-0.1,0,-0.1,0.3,0,-0.1,0,0,-0.307692307692307,-0.769230769230769,-0.538461538461538,0,-0.846153846153846,-0.076923076923077,-0.615384615384615,-0.076923076923077,0,0,-0.2,0.15,-0.9,0,0.15,-0.05,-0.55,-0.05,-0.15,-0.85,-1.25,1.35,0.85,1.2,0.6,0,-0.7,1.2,0.55,0.45,,,,,,,,
precision_class0,0.018225512352891,0.02431266465442,-0.00774328527654,0.009571092142862,-0.002579244931444,0.016388878002532,-0.013666973097602,-0.004262372873954,0.016711441967152,0.015472797013683,0.006577449916606,-0.014977268308198,-0.0070739180476,0.033061105310231,0.003795222869078,-0.00050436654744,0.000727570156767,0.018173224719476,0.024235937832389,0.001268981707608,0.002114160679845,0.000732143197788,-0.001908488837742,-0.004109261852934,-0.00711445367195,0.009845207577061,0.020662774695987,0.007675229871727,0.016041062357046,-0.001530950581042,0.02372931235401,-0.017012728220683,-0.001956347585499,-0.035169272194774,-0.016340109694446,-0.006890341184514,-0.02700775338936,-0.023681835163491,-0.009948978419503,-0.006285435780416,,,,,,,,
recall_class0,-0.010796247188147,-0.02646823838966,0.009960858411581,-0.03014753360554,0.020887889381985,-0.040412376223435,0.006840412332742,0.009287513613416,-0.011850552890504,-0.018350537907209,0.06642570303517,0.111513144238401,0.113549641389338,-0.055345488499744,0.146712905188307,0.001573071811973,0.1033191167627,-0.010630329226311,-0.043638838806331,0.019942766297592,0.006724008627436,0.000918970742707,0.010704682362856,0.022366601150148,-0.026267309047859,-0.008496943419112,-0.002155350012245,-0.008458857596239,-0.012026760102981,0.003243400525359,-0.081559748610276,-0.005855318687126,-0.006208116207284,0.000629056697186,-0.030425708851665,0.005139670888586,-0.034063020248834,-0.058239723507723,-0.013191903584177,0.012928892976694,,,,,,,,
rvd_class0,0.029564638378346,0.05045083592617,-0.018731010323771,0.041540549358781,-0.024929460274235,0.058267594532135,-0.022355949461015,-0.014679258389776,0.028757003848605,0.034872917363592,-0.063217442953514,-0.130855668086603,-0.127537202765374,0.092307538076369,-0.149444304029875,-0.003350152518272,-0.111382618674001,0.029196632802845,0.07406814862331,-0.021555215300742,-0.00521994166194,-0.000265184108744,-0.01379721256666,-0.030476388379771,0.022280184544126,0.020510121354698,0.025532836074883,0.019258115355027,0.032600820553421,-0.006300618700727,0.174094052588766,-0.027301182537393,0.004949528336961,-0.070491526764753,0.012681122990549,-0.022115557923865,-0.008471902551338,0.040174676280846,0.000522314993423,-0.031291189915831,,,,,,,,
specificity_class0,9.38011172939568E-05,0.000120604930573,-4.35485074835595E-05,5.69508675551944E-05,-2.00992668883959E-05,9.04570934852078E-05,-7.70484529893922E-05,-2.67994368456925E-05,8.37473867939531E-05,8.37564746052344E-05,1.98946307039538E-06,-1.07269778238939E-05,-7.94772593581961E-06,2.10718200840398E-05,-1.14687126007151E-06,-9.51069623944534E-07,-4.54916563641383E-06,1.06607581523699E-05,1.71489895643973E-05,-6.5990186615128E-07,1.04714467130673E-06,1.10283651821863E-06,-2.19235957521491E-06,-4.77034175794255E-06,-2.59678942637898E-06,7.72955767036621E-06,1.46204438484787E-05,6.68921816782131E-06,1.31575561951314E-05,-1.46745388884817E-06,2.30205945863648E-05,-8.144510889041E-06,-2.28293837611915E-07,-1.77031275619965E-05,-4.54661603699336E-06,-4.37795307395295E-06,-1.05729753158146E-05,-4.63585227938879E-06,-3.3174929703339E-06,-4.36763195199585E-06,,,,,,,,
vol_gt_class0,0,0,0,0,0,0,0,0,0,0,0,0,0,0,0,0,0,0,0,0,0,0,0,0,0,0,0,0,0,0,0,0,0,0,0,0,0,0,0,0,,,,,,,,
vol_pred_class0,-5.49999994039536,-9.62499922513962,3.49999982118607,-7.87500002384184,4.74999997615814,-11.1249988436699,4.24999969005586,2.7500002503395,-5.375,-6.62499996423722,71.6826958839708,145.240392409838,159.807701312579,-114.08654657694,196.442321419716,4.47115229643305,122.163467214658,-40.6730817372982,-93.3173151383035,26.9711567897062,5.03978845477104,-1.19733094573019,13.3294587239623,29.9346840247512,-23.621722535789,-21.2360909312964,-25.5450967654585,-20.6034154489636,-34.0830635249615,5.36301009654994,-94.1015616364776,14.5624999441206,-2.72656256929042,38.8984373934567,-6.68750008344637,12.0390624515712,5.25781245306132,-20.5312488049269,0.171874947845936,16.4765623539686,,,,,,,,
,,,,,,,,,,,,,,,,,,,,,,,,,,,,,,,,,,,,,,,,,,,,,,,,
Condensed of metrics differences for pvalue computation,,,,,,,,,,,,,,,,,,,,,,,,,,,,,,,,,,,,,,,,,,,,,,,,
Type,Value,Value,Value,Value,Value,Value,Value,Value,Value,Value,Value,Value,Value,Value,Value,Value,Value,Value,Value,Value,Value,Value,Value,Value,Value,Value,Value,Value,Value,Value,Value,Value,Value,Value,Value,Value,Value,Value,Value,Value,,,,,,,,
Hard-Dice-Sig-Dice,0.01532787945451,0.003276571235514,0.002683440484474,-0.00433522794922,0.015706107182263,-0.000733415397116,0.002002878885019,0.007513942644416,0.013068716182643,0.010726627972712,0.045968158515623,0.060003146735058,0.094912604993157,0.017069691616154,0.036099636495814,0.078929725062499,0.142147399138673,0.020056847848693,0.120495640906506,0.052683542532865,0.01827184093138,0.023166598252506,0.024379778361979,0.027337338211852,0.009275309321618,0.014878294686046,0.031773899790408,0.037792965423002,0.01329559421639,0.017533646949634,-0.023006371974191,-0.012756408484692,-0.000224033861564,-0.00971117796399,-0.036090958539821,-0.014785900304725,-0.041586046239097,-0.007742662069353,-0.000776961008793,-0.013680396888804,,,,,,,,
Hard-Dice-Sig-Precision,0.019520273323301,0.027734332323735,0.016782673532005,0.030413696052181,0.021451017309286,0.03727029573634,0.003074217243476,0.006918419261861,0.02293139502577,0.03388991534799,-0.000373660839421,-0.001270016014876,0.027721975161857,0.054304819353782,-0.009174000144825,0.00907687577658,0.041423931065649,0.044669676452729,0.035937346051122,0.028423964697736,0.017868713295273,0.055358100927459,0.036796899899886,0.018483387810486,0.020000948637377,0.032387925105807,0.050160963777907,0.049447376837911,0.029579525291016,0.01111091962176,0.001069586316166,-0.025798148718399,0.003899202512435,-0.014288016100923,-0.037328624227189,-0.023176165790357,-0.051252019335188,0.003574652499155,-0.002124142861216,-0.02969291684933,,,,,,,,
Hard-Dice-Sig-Recall,0.011841463498565,-0.015083914523822,-0.011281005822227,-0.03245001676411,0.009321456788293,-0.03106498411222,0.000205217366237,0.008349806241209,0.004844666450891,-0.009194619435322,0.06429797768385,0.085418820786142,0.101774107816686,-0.027361801892508,0.063056833246197,0.094410420362438,0.156576544300959,-0.007902794609852,0.118254370483031,0.0417785917034,0.018711179117426,-0.011052551711864,0.010440891081646,0.034998899689067,-0.001876057106593,-0.00230997590766,0.013005098224451,0.025653876976852,-0.003175059527697,0.024192121952178,-0.060080619699788,0.014018375893197,-0.005579734593778,-0.000221805492231,-0.03172546379798,0.001606092440556,-0.018942283790317,-0.024112200801967,0.002384627219058,0.014034851507704,,,,,,,,
Hard-Dice-Sig-AVD,-0.00031296977186,0.039947388433538,0.009828577989708,0.054010024020177,-0.004065032196033,0.06167675215032,0.006448890996513,-0.004773546571693,0.005373859819285,0.022089209766177,-0.065130476797671,-0.086503834689213,-0.100978086365838,0.024581942361154,-0.063165656786102,-0.086064748674833,-0.142445810467772,0.005120475087222,-0.095820676526309,-0.028528020220396,-0.003274619904553,-0.0334309001645,-0.0288800239324,-0.009525741831192,-0.005168254286828,0.001988799917921,-0.004176957096833,-0.006550213356359,-0.003636538863781,0.000492686071572,-0.077261161066402,0.080049901067825,-0.005138734751609,0.028949888047084,0.026843184265821,0.04957549009171,0.079515629886345,-0.023277133380804,0.011208158487795,0.078220482032377,,,,,,,,
Hard-Dice-Sig-RVD,0.005401315942426,0.039947388433538,0.028401266562397,0.065112255122409,0.011283583152582,0.068057038530607,0.001494116041738,-0.004773546571693,0.016772461217887,0.043791201468169,-0.066989020938094,-0.091046942588026,-0.082677552209222,0.086431302695502,-0.07337415250585,-0.092053390905086,-0.135401761149692,0.057054197537023,-0.088763513505843,-0.017207636689884,-0.001505781146234,0.080470192423688,0.033258799618342,-0.019802382053046,0.024578677625872,0.039386283725112,0.042274561988685,0.028233316793412,0.038284481199663,-0.01576835562144,0.094923598280505,-0.075006099634324,0.01376628983523,-0.028976434370419,-0.024984941632426,-0.04737214525497,-0.078931610772992,0.043031088942406,-0.008526979831039,-0.07572512763896,,,,,,,,
Hard-Dice-Sig-MSE,-0.00044,-0.00015,-7.99999999999998E-05,0,-0.00045,-7.99999999999998E-05,-4.00000000000001E-05,-0.00018,-0.00039,-0.00038,-0.000361328125,-0.000487530048077,-0.000782001201923,-0.000181790865385,-0.000386117788462,-0.000616736778846,-0.001130558894231,-0.000261418269231,-0.000973557692308,-0.000414663461538,-0.000296415523607,-0.000483559588997,-0.000452762058803,-0.000423586475606,-0.000175053343481,-0.000287527590382,-0.000571226470324,-0.000657779771454,-0.000263908230529,-0.000267118181501,0.000172523791236,0.000328960242867,-2.79726449598098E-05,0.000207850392014,0.000617556736186,0.000311179941215,0.00080142631533,3.68953053619834E-05,2.43742310053899E-05,0.000329462700532,,,,,,,,
Soft-Dice-ReLU-Dice,0.00301080985338,-0.004527632580964,0.002323861604063,-0.013386288082346,0.011494181786724,-0.015011669274629,-0.003152769493303,0.003512091464348,0.00113055908478,-0.002957495333926,0.052099811488989,0.084541817369361,0.081471882516328,-0.015861938031165,0.115667702712569,0.000105345965641,0.081887300987384,0.004295956781663,-0.016056784748325,0.016039038860282,0.004550416539409,0.000678883593773,0.00453331637016,0.009579416649504,-0.017134200555895,0.000378583184692,0.008975982532856,-0.000486978067418,0.001901154153694,0.000332841797029,-0.015589272576806,-0.013568346469048,-0.003921377241564,-0.022926461816602,-0.02203723120801,-0.003009184681322,-0.03098150557704,-0.038683730561914,-0.011392420722232,0.000765489709096,,,,,,,,
Soft-Dice-ReLU-Precision,0.018225512352891,0.02431266465442,-0.00774328527654,0.009571092142862,-0.002579244931444,0.016388878002532,-0.013666973097602,-0.004262372873954,0.016711441967152,0.015472797013683,0.006577449916606,-0.014977268308198,-0.0070739180476,0.033061105310231,0.003795222869078,-0.00050436654744,0.000727570156767,0.018173224719476,0.024235937832389,0.001268981707608,0.002114160679845,0.000732143197788,-0.001908488837742,-0.004109261852934,-0.00711445367195,0.009845207577061,0.020662774695987,0.007675229871727,0.016041062357046,-0.001530950581042,0.02372931235401,-0.017012728220683,-0.001956347585499,-0.035169272194774,-0.016340109694446,-0.006890341184514,-0.02700775338936,-0.023681835163491,-0.009948978419503,-0.006285435780416,,,,,,,,
Soft-Dice-ReLU-Recall,-0.010796247188147,-0.02646823838966,0.009960858411581,-0.03014753360554,0.020887889381985,-0.040412376223435,0.006840412332742,0.009287513613416,-0.011850552890504,-0.018350537907209,0.06642570303517,0.111513144238401,0.113549641389338,-0.055345488499744,0.146712905188307,0.001573071811973,0.1033191167627,-0.010630329226311,-0.043638838806331,0.019942766297592,0.006724008627436,0.000918970742707,0.010704682362856,0.022366601150148,-0.026267309047859,-0.008496943419112,-0.002155350012245,-0.008458857596239,-0.012026760102981,0.003243400525359,-0.081559748610276,-0.005855318687126,-0.006208116207284,0.000629056697186,-0.030425708851665,0.005139670888586,-0.034063020248834,-0.058239723507723,-0.013191903584177,0.012928892976694,,,,,,,,
Soft-Dice-ReLU-AVD,0.01378231259602,0.042111067586402,-0.010373961966722,0.04011197793021,-0.023578108922883,0.052673188937729,-0.003355220460286,-0.014679258389776,0.008786973878575,0.014375576866251,-0.06820932785065,-0.122801976811436,-0.120722540917155,0.061636570288513,-0.137996778883179,-0.00314364761378,-0.106013491157223,0.01680111926027,0.066386480694699,-0.016805602497438,-0.005430897093275,0.005651186512102,-0.002430731412455,-0.007126438841365,0.009214591212702,0.007271011202406,0.008964025417537,0.00595934104602,0.004607245346476,0.013955954227255,-0.149768488217774,0.025442939903998,-0.002055979093531,0.065155715774575,-0.011061797267161,0.024371995407274,0.00993195033472,-0.023287723639339,0.000698815879951,0.032963608285887,,,,,,,,
Soft-Dice-ReLU-RVD,0.029564638378346,0.05045083592617,-0.018731010323771,0.041540549358781,-0.024929460274235,0.058267594532135,-0.022355949461015,-0.014679258389776,0.028757003848605,0.034872917363592,-0.063217442953514,-0.130855668086603,-0.127537202765374,0.092307538076369,-0.149444304029875,-0.003350152518272,-0.111382618674001,0.029196632802845,0.07406814862331,-0.021555215300742,-0.00521994166194,-0.000265184108744,-0.01379721256666,-0.030476388379771,0.022280184544126,0.020510121354698,0.025532836074883,0.019258115355027,0.032600820553421,-0.006300618700727,0.174094052588766,-0.027301182537393,0.004949528336961,-0.070491526764753,0.012681122990549,-0.022115557923865,-0.008471902551338,0.040174676280846,0.000522314993423,-0.031291189915831,,,,,,,,
Soft-Dice-ReLU-MSE,-0.00012,4.99999999999997E-05,-2E-05,0.00029,-0.00026,0.00035,0.00012,-5.99999999999997E-05,-6.99999999999993E-05,3.00000000000001E-05,-0.000424429086538,-0.000537109375,-0.000649038461538,0.000116436298077,-0.000975060096154,-5.25841346153905E-06,-0.000555138221154,-3.30528846153848E-05,8.33834134615389E-05,-9.99098557692307E-05,-6.71487925003986E-05,-1.73792936364E-05,-6.28405201191806E-05,-0.000124438538843,0.000249809887944,-3.03044221839125E-05,-0.00017468199438,-1.3984991579639E-05,-6.99928439393343E-05,-4.99803192760724E-08,-8.09168212646677E-05,0.000264890660477,4.60571173238017E-05,0.000484970993639,0.00033617288479,8.5359130094228E-05,0.000521018739914,0.000516786561458,0.000182866534802,3.47927023287829E-05,,,,,,,,
Soft-Adap-Sig-Dice,0.080009013229182,0.021748091600132,0.575478403945415,0.299244391373381,0.051640252687162,0.882143586507357,0.028318038041264,0.116170273121198,0.066293109571137,0.538601796717368,0.247783483612003,0.03519929738917,0.844661317071721,0.253045244407442,-0.017208116642301,0.847625240456296,0.019390922713497,0.852847330380892,0.793878111608596,0.036748103808001,0.773775186022196,0.869317438742356,0.868892395917698,0.427581834861311,0.854709025151484,0.874095769111707,0.877076953052075,0.86418104226876,0.868662402554858,0.861039223811233,0.005952753896912,-0.00598143729137,0.024889507881077,0.009898424791532,0.030450318035507,0.002202590677291,-0.017938229793367,0.023858440358702,0.033196172364147,0.017372090866348,,,,,,,,
Soft-Adap-Sig-Precision,0.04584150275198,0.036374005731735,0.082364626131441,0.066378260427748,0.041138831896765,0.955072297168394,0.003788216978146,0.060791471058727,0.102929039887246,0.138966047515496,0.327023867003047,0.079234029242186,0.927121238776003,0.191040090989617,0.053496395663619,0.935234068349292,0.085382738190649,0.933190391178124,0.945982692859822,0.210131824247189,0.352116516906474,0.875358528416319,0.847138432329876,0.32156374083233,0.869288656705129,0.886751183656335,0.89052422124701,0.874717060818901,0.87526430637243,0.865542599461979,-0.011574108116059,-0.047605291771264,0.013969239689247,-0.000228557571393,0.024888710318199,-0.021784553944158,-0.024779692836628,0.008250694731335,0.04142014516651,0.021266135391798,,,,,,,,
Soft-Adap-Sig-Recall,0.10541277325683,0.007122746374264,0.627237951969659,0.363796662266919,0.057429775418077,0.825263626644931,0.04622653167902,0.145715295365113,0.037681113635865,0.593864352371581,0.107595031148614,-0.009123027240443,0.785473670533621,0.283029475513805,-0.050415284586522,0.788267329130654,-0.037749173256957,0.795957496563379,0.713253446864601,-0.096366908537003,0.799767416442386,0.865078118077438,0.86970178899361,0.484513638286381,0.841998935902397,0.863038587397855,0.865024298049542,0.854994063382887,0.863607931369668,0.859025436782663,0.033353441701013,0.066544977184992,0.040260810268465,0.027756092495838,0.03769897569577,0.04337716951126,-0.00157234998549,0.047649546002611,0.016286821838911,0.007784048645405,,,,,,,,
Soft-Adap-Sig-AVD,-0.066164622096418,0.01482566539238,-0.598027223378067,-0.338779880568646,-0.033525121748497,-0.857995318991125,-0.034927828622895,-0.104657397322556,0.039171865833603,-0.55313341461537,-0.305703529587389,-0.004544362088883,-0.840085600292171,-0.154172549882487,0.064176302436799,-0.837696325249279,0.049291458223021,-0.854525268923541,-0.752776259566818,0.013712940964964,-0.84386924922711,-0.948242306863332,-0.954010547103696,-0.280114514818922,-0.952823164274217,-0.953359066353218,-0.954745238681901,-0.955763396846987,-0.953393757497043,-0.941048687421913,0.075753313208009,0.188394230868244,0.031776116390909,0.041924651570136,0.007926521172207,0.10561079163623,0.057132835732242,0.049500983887632,-0.054544281689785,-0.032524703380633,,,,,,,,
Soft-Adap-Sig-RVD,-0.070060725992522,0.027329827896542,-0.61066998602083,-0.338779880568646,-0.020883799107174,-0.865138176133982,-0.046785700480767,-0.104657397322556,0.06578210244384,-0.564412135894091,0.406654644187083,0.097974373978621,-0.84690026214039,-0.159541677399266,0.112405305428828,-0.843684967479532,0.135954124607992,-0.854525268923541,-0.752776259566818,0.361906691979283,-0.865080620852197,-0.988580085811499,-0.994109200612496,-0.291368163600492,-0.969149609578597,-0.973715280348507,-0.971500125284465,-0.977064527280337,-0.986917431870336,-0.993518415071398,-0.068164705041546,-0.192880559511727,-0.028086177447453,-0.040305325846749,-0.004183489582082,-0.105239143109551,-0.053071248262107,-0.056567538861976,0.061472872080016,0.034197121750689,,,,,,,,
Soft-Adap-Sig-MSE,-0.00214,-0.00062,-0.00985,-0.00596,-0.00142,-0.01201,-0.00069,-0.00287,-0.00212,-0.00954,-0.003929537259615,-0.000509314903846,-0.004773137019231,-0.002667518028846,-0.000124699519231,-0.004847506009615,-0.000416165865385,-0.0048828125,-0.004487680288462,-0.001140324519231,-0.006116784854811,-0.00618284965048,-0.006211775332081,-0.005645326264051,-0.005960587170659,-0.006269073953434,-0.006320667033293,-0.006104252250827,-0.006169941026337,-0.006032726365693,7.93796646148849E-06,0.000422227615772,-0.000362719581968,-9.57529310169369E-05,-0.000490834217609,0.000129816656243,0.000382405957471,-0.000271909192266,-0.000650394360557,-0.000348433166771,,,,,,,,
Hard-Adap-ReLU-Dice,0.008624728530684,-0.006190060309982,0.000565550819297,-0.010401035887674,0.006674130476771,-0.008202501269224,-0.00757644915906,0.000402359465103,-5.5698631052592E-05,0.005222483087975,0.016143615947617,0.007502729834808,0.048954618360067,0.008984184101681,0.030478153907129,-0.002393545415452,0.085340505280555,0.017596712988497,-0.009303306042209,0.008373792841397,0.006009210133243,0.001395042120227,0.000836856074683,0.007107724341646,-0.013610684901396,-5.36002194041485E-05,0.007871516895736,0.004469010376048,-0.001796851043245,0.001548840946271,-0.027714608602766,-0.001052035900404,0.01125447152703,0.009079792927968,-0.002092842079546,0.019958014946889,-0.000325482634975,-0.014925212859069,0.031488844735903,0.017448427561862,,,,,,,,
Hard-Adap-ReLU-Precision,0.005822094103927,0.010066043026924,-0.017623697425832,0.004495458586493,-0.001678599538949,0.004412203087986,0.001773552855903,0.013557793433944,-0.001363128720833,0.001093967599202,-0.006426783834964,-0.001258569451557,0.010323727184346,0.012337071721899,-0.007471645750661,-0.002562876956191,0.006012833668156,-0.001488527486868,0.014086373804387,0.004994772859892,-0.004743695491321,-0.005916221692788,-0.006503829667109,0.000933928059524,-0.019173650073195,0.010604707698658,0.012100984985559,-0.007108621327032,-0.002144931053158,-0.017410861060703,-0.00454915970913,-0.003494174166958,0.014191554789922,0.016041568196027,0.009458592269185,0.020526061380225,0.018061682860107,-0.014522917956029,0.049130091712125,0.040601116341661,,,,,,,,
Hard-Adap-ReLU-Recall,0.010754824222764,-0.018063629389532,0.015888735058032,-0.022517050385939,0.013705264986691,-0.01793074638158,-0.015488591372821,-0.007333089423918,0.001680442812548,0.009151551300872,0.026279332492937,0.013654895944382,0.057934684505038,-0.002412811216069,0.052286231054235,0.001878139217166,0.103988263251786,0.022752153183826,-0.027542452517859,0.005343927765151,0.015461874812031,0.008717556796868,0.008101457929755,0.012560957650388,-0.008144852855809,-0.010689925924013,0.003479506363903,0.015029617905487,-0.001112564504941,0.020289235878978,-0.061370570063694,0.004825300451601,0.005630797464222,-0.006690431268174,-0.022990818590949,0.017279570305998,-0.033607238215169,-0.011368122993787,-0.003497418548888,-0.026441880382189,,,,,,,,
Hard-Adap-ReLU-AVD,-0.004512937784431,0.020024976669497,-0.024546731201184,0.029771408416812,-0.020469035149534,0.028750837162823,0.016711529333315,0.018202659879075,-0.004354313518092,-0.013097869538549,-0.03399228794524,-0.012973233159075,-0.060429362734998,0.008084289631477,-0.051541307623845,-0.002231488261033,-0.097249055338186,-0.02887943539951,0.038993310606382,0.001216900721033,-0.013293515745836,0.003231848698512,0.000609871576484,-0.007378766049303,-0.004437795198185,-0.001038574440251,-0.002341458518291,-0.011377243971212,0.00317553296319,-0.002517939983255,-0.06495905695927,0.017171766143117,-0.014159509956376,-0.047632838569755,-0.052577042638151,-0.014846348467615,-0.075462823784868,0.027524880950865,-0.102685027817849,-0.112230524853805,,,,,,,,
Hard-Adap-ReLU-RVD,-0.005551898823392,0.027167833812354,-0.035760922415376,0.029771408416812,-0.0161061007866,0.023036551448537,0.017144879766666,0.018202659879075,-0.004354313518092,-0.008083154523834,-0.03291488572295,-0.016070806726447,-0.052519752496134,0.012833902434781,-0.061956308248084,-0.004090032401456,-0.105509251517845,-0.025575356927647,0.04291690379172,-0.002913197368797,-0.022326178594638,-0.016390463997605,-0.016776611085113,-0.013252237153777,-0.011856277762762,0.023971126070242,0.009441048547899,-0.024655749799696,-0.000806993625389,-0.043342920434585,0.081612733886672,-0.016640839676433,0.01928295035988,0.047075365779736,0.054249461008206,0.016518766837671,0.087010474435253,-0.013284254186203,0.107383727048006,0.12258359095415,,,,,,,,
Hard-Adap-ReLU-MSE,-0.00025,0.00014,6.00000000000006E-05,0.00024,-0.00017,0.0002,0.0002,-3.99999999999997E-05,2E-05,-0.00016,-9.69050480769229E-05,-7.13641826923079E-05,-0.000419170673077,-1.20192307692304E-05,-0.000298227163462,-3.00480769230803E-06,-0.000621243990385,-0.000100661057692,9.54026442307693E-05,-3.00480769230772E-05,-7.23341338488524E-05,-1.31454467773439E-05,3.71317960778028E-06,-0.000104038316376,0.000230544421138,-2.43734242964763E-05,-0.000138932987135,-4.32798424545599E-05,2.24855384048147E-05,2.42731522540657E-05,0.00027806132553,4.84254205890679E-05,-0.000212756483638,-0.000227337386469,-5.58835738630912E-05,-0.000353959962103,-0.000141778918612,0.000243333107266,-0.000698412204243,-0.000483438539155,,,,,,,,
,,,,,,,,,,,,,,,,,,,,,,,,,,,,,,,,,,,,,,,,,,,,,,,,
,P-value,,,,,,,,,,,,,,,,,,,,,,,,,,,,,,,,,,,,,,,,,,,,,,,
Hard-Dice-Sig-Dice,0.001089876680195,,,,,,,,,,,,,,,,,,,,,,,,,,,,,,,,,,,,,,,,,,,,,,,
Hard-Dice-Sig-Precision,0.001142763308129,,,,,,,,,,,,,,,,,,,,,,,,,,,,,,,,,,,,,,,,,,,,,,,
Hard-Dice-Sig-Recall,0.122165152256931,,,,,,,,,,,,,,,,,,,,,,,,,,,,,,,,,,,,,,,,,,,,,,,
Hard-Dice-Sig-AVD,0.563280468370981,,,,,,,,,,,,,,,,,,,,,,,,,,,,,,,,,,,,,,,,,,,,,,,
Hard-Dice-Sig-RVD,0.829719949416863,,,,,,,,,,,,,,,,,,,,,,,,,,,,,,,,,,,,,,,,,,,,,,,
Hard-Dice-Sig-MSE,0.000895895636704,,,,,,,,,,,,,,,,,,,,,,,,,,,,,,,,,,,,,,,,,,,,,,,
Soft-Dice-ReLU-Dice,0.925038393871899,,,,,,,,,,,,,,,,,,,,,,,,,,,,,,,,,,,,,,,,,,,,,,,
Soft-Dice-ReLU-Precision,0.581569793731364,,,,,,,,,,,,,,,,,,,,,,,,,,,,,,,,,,,,,,,,,,,,,,,
Soft-Dice-ReLU-Recall,0.501542402615757,,,,,,,,,,,,,,,,,,,,,,,,,,,,,,,,,,,,,,,,,,,,,,,
Soft-Dice-ReLU-AVD,0.706652010983281,,,,,,,,,,,,,,,,,,,,,,,,,,,,,,,,,,,,,,,,,,,,,,,
Soft-Dice-ReLU-RVD,0.893076023681026,,,,,,,,,,,,,,,,,,,,,,,,,,,,,,,,,,,,,,,,,,,,,,,
Soft-Dice-ReLU-MSE,0.856006870499739,,,,,,,,,,,,,,,,,,,,,,,,,,,,,,,,,,,,,,,,,,,,,,,
Soft-Adap-Sig-Dice,1.1E-07,,,,,,,,,,,,,,,,,,,,,,,,,,,,,,,,,,,,,,,,,,,,,,,
Soft-Adap-Sig-Precision,4.33E-07,,,,,,,,,,,,,,,,,,,,,,,,,,,,,,,,,,,,,,,,,,,,,,,
Soft-Adap-Sig-Recall,1.14E-06,,,,,,,,,,,,,,,,,,,,,,,,,,,,,,,,,,,,,,,,,,,,,,,
Soft-Adap-Sig-AVD,0.00031545328565,,,,,,,,,,,,,,,,,,,,,,,,,,,,,,,,,,,,,,,,,,,,,,,
Soft-Adap-Sig-RVD,0.000127743011131,,,,,,,,,,,,,,,,,,,,,,,,,,,,,,,,,,,,,,,,,,,,,,,
Soft-Adap-Sig-MSE,1.97E-07,,,,,,,,,,,,,,,,,,,,,,,,,,,,,,,,,,,,,,,,,,,,,,,
Hard-Adap-ReLU-Dice,0.038456110500136,,,,,,,,,,,,,,,,,,,,,,,,,,,,,,,,,,,,,,,,,,,,,,,
Hard-Adap-ReLU-Precision,0.174599841212598,,,,,,,,,,,,,,,,,,,,,,,,,,,,,,,,,,,,,,,,,,,,,,,
Hard-Adap-ReLU-Recall,0.536377815296214,,,,,,,,,,,,,,,,,,,,,,,,,,,,,,,,,,,,,,,,,,,,,,,
